id,kode_provinsi,nama_provinsi,nama_kabupaten_kota,jumlah_penduduk,jumlah_penduduk_miskin,persentase_penduduk_miskin,tingkat_pengangguran_terbuka,pdrb_total_adhk,harapan_lama_sekolah,tahun,skor,kesejahteraan
1,32,JAWA BARAT,BOGOR,4813880,477200,9.97,14.26,92932000000    ,10.28,2010,61.24744443,SEJAHTERA
2,32,JAWA BARAT,SUKABUMI,2358420,249600,10.65,10.85,28601000000    ,10.08,2010,41.2254573,CUKUP SEJAHTERA
3,32,JAWA BARAT,CIANJUR,2186790,311000,14.32,13.82,19697000000    ,9.62,2010,49.93875303,CUKUP SEJAHTERA
4,32,JAWA BARAT,BANDUNG,3205120,296300,9.29,17.37,48432000000    ,10.82,2010,36.75487304,TIDAK SEJAHTERA
5,32,JAWA BARAT,GARUT,2422330,335600,13.94,12.18,25465000000    ,10.36,2010,49.30125687,CUKUP SEJAHTERA
6,32,JAWA BARAT,TASIKMALAYA,1687780,214600,12.78,8.48,15853000000    ,10.76,2010,46.14061976,CUKUP SEJAHTERA
7,32,JAWA BARAT,CIAMIS,1135720,158500,10.34,4.39,13716000000    ,11.75,2010,43.69872173,CUKUP SEJAHTERA
8,32,JAWA BARAT,KUNINGAN,1023910,152400,14.68,10.56,9820000000    ,10.84,2010,49.31116997,CUKUP SEJAHTERA
9,32,JAWA BARAT,CIREBON,2044180,333300,16.12,13.64,21497000000    ,10.66,2010,54.16705956,CUKUP SEJAHTERA
10,32,JAWA BARAT,MAJALENGKA,1153230,181100,15.51,7.46,12883000000    ,11,2010,51.01001915,CUKUP SEJAHTERA
11,32,JAWA BARAT,SUMEDANG,1101580,141400,12.94,7.83,14687000000    ,10.9,2010,46.15193951,CUKUP SEJAHTERA
12,32,JAWA BARAT,INDRAMAYU,1645020,276000,16.58,10.45,47860000000    ,10.45,2010,54.20761577,CUKUP SEJAHTERA
13,32,JAWA BARAT,SUBANG,1449210,198300,13.54,7.51,19817000000    ,10.59,2010,47.69021058,CUKUP SEJAHTERA
14,32,JAWA BARAT,PURWAKARTA,859186,90300,10.57,12.76,28017000000    ,10.16,2010,42.12659316,CUKUP SEJAHTERA
15,32,JAWA BARAT,KARAWANG,2144190,260300,12.21,17.02,99641000000    ,10.76,2010,45.00288109,CUKUP SEJAHTERA
16,32,JAWA BARAT,BEKASI,2656880,161800,6.11,15.12,154348000000    ,10.54,2010,29.28923457,TIDAK SEJAHTERA
17,32,JAWA BARAT,BANDUNG BARAT,1522080,222900,14.68,18.89,19322000000    ,9.68,2010,49.90000485,CUKUP SEJAHTERA
18,32,JAWA BARAT,PANGANDARAN,379518,0,0,22.15,4978000000    ,0,2010,27.63485172,TIDAK SEJAHTERA
19,32,JAWA BARAT,KOTA BOGOR,958077,90200,9.47,16.48,18776000000    ,11.72,2010,40.17816774,CUKUP SEJAHTERA
20,32,JAWA BARAT,KOTA SUKABUMI,301014,27700,9.24,16.56,5322000000    ,11.55,2010,40.72121951,CUKUP SEJAHTERA
21,32,JAWA BARAT,KOTA BANDUNG,2412090,118600,4.95,16.58,102155000000    ,12.41,2010,27.15228251,TIDAK SEJAHTERA
22,32,JAWA BARAT,KOTA CIREBON,293206,35500,12,12.8,10094000000    ,11.7,2010,44.50782493,CUKUP SEJAHTERA
23,32,JAWA BARAT,KOTA BEKASI,2356100,148000,6.3,18.82,41283000000    ,12.13,2010,30.66991376,TIDAK SEJAHTERA
24,32,JAWA BARAT,KOTA DEPOK,1755610,49600,2.84,11.37,26602000000    ,12.45,2010,25.08338044,TIDAK SEJAHTERA
25,32,JAWA BARAT,KOTA CIMAHI,545505,40100,7.4,9.66,13572000000    ,12.24,2010,37.62763787,TIDAK SEJAHTERA
26,32,JAWA BARAT,KOTA TASIKMALAYA,639987,131600,20.71,11.24,9292000000    ,11.85,2010,57.88790415,CUKUP SEJAHTERA
27,32,JAWA BARAT,KOTA BANJAR,176506,14900,8.47,7.95,2026000000    ,11.9,2010,39.89774249,TIDAK SEJAHTERA
28,32,JAWA BARAT,BOGOR,4943750,470500,9.65,10.35,98379000000    ,10.59,2011,35.46773994,TIDAK SEJAHTERA
29,32,JAWA BARAT,SUKABUMI,2376500,246100,10.28,12.27,29863000000    ,10.1,2011,40.47066316,CUKUP SEJAHTERA
30,32,JAWA BARAT,CIANJUR,2201000,306600,13.82,8.56,20660000000    ,10.07,2011,49.00411117,CUKUP SEJAHTERA
31,32,JAWA BARAT,BANDUNG,3272830,292200,8.99,6.81,51250000000    ,11.01,2011,35.7437915,TIDAK SEJAHTERA
32,32,JAWA BARAT,GARUT,2450430,330900,13.47,6.31,26727000000    ,10.52,2011,48.30052432,CUKUP SEJAHTERA
33,32,JAWA BARAT,TASIKMALAYA,1699580,211600,12.36,9.61,16527000000    ,11.38,2011,45.39084329,CUKUP SEJAHTERA
34,32,JAWA BARAT,CIAMIS,1142230,156300,9.98,13.87,14433000000    ,12.21,2011,43.09619993,CUKUP SEJAHTERA
35,32,JAWA BARAT,KUNINGAN,1030200,150300,14.2,6.74,10371000000    ,11,2011,48.57050539,CUKUP SEJAHTERA
36,32,JAWA BARAT,CIREBON,2060400,328600,15.56,9.76,22622000000    ,11,2011,53.13179838,CUKUP SEJAHTERA
37,32,JAWA BARAT,MAJALENGKA,1158880,178600,14.98,10.27,13490000000    ,11.08,2011,50.19207383,CUKUP SEJAHTERA
38,32,JAWA BARAT,SUMEDANG,1110080,139400,12.48,7.76,15391000000    ,10.93,2011,45.4268666,CUKUP SEJAHTERA
39,32,JAWA BARAT,INDRAMAYU,1654120,272100,16.01,10.33,49805000000    ,10.87,2011,53.24657471,CUKUP SEJAHTERA
40,32,JAWA BARAT,SUBANG,1464900,195500,13.06,14.34,20466000000    ,10.87,2011,46.85429314,CUKUP SEJAHTERA
41,32,JAWA BARAT,PURWAKARTA,872599,89000,10.22,10.37,29893000000    ,10.26,2011,41.54026478,CUKUP SEJAHTERA
42,32,JAWA BARAT,KARAWANG,2172290,256700,11.8,13.6,106175000000    ,10.92,2011,44.13215273,CUKUP SEJAHTERA
43,32,JAWA BARAT,BEKASI,2769180,159500,5.93,19.04,164539000000    ,10.84,2011,28.23932187,TIDAK SEJAHTERA
44,32,JAWA BARAT,BANDUNG BARAT,1545120,219800,14.22,16.8,20419000000    ,10.09,2011,49.02669113,CUKUP SEJAHTERA
45,32,JAWA BARAT,PANGANDARAN,381729,0,0,13.29,5194000000    ,,2011,27.608635,TIDAK SEJAHTERA
46,32,JAWA BARAT,KOTA BOGOR,976791,88900,9.16,13.32,19944000000    ,11.85,2011,39.60705454,TIDAK SEJAHTERA
47,32,JAWA BARAT,KOTA SUKABUMI,304704,27300,8.95,13.93,5651000000    ,11.68,2011,40.31501107,CUKUP SEJAHTERA
48,32,JAWA BARAT,KOTA BANDUNG,2429180,116900,4.78,9.83,110234000000    ,12.97,2011,26.73921264,TIDAK SEJAHTERA
49,32,JAWA BARAT,KOTA CIREBON,295981,35000,11.56,15.17,10677000000    ,12.1,2011,43.92113896,CUKUP SEJAHTERA
50,32,JAWA BARAT,KOTA BEKASI,2427070,145900,6.12,8.41,43946000000    ,12.36,2011,29.88804655,TIDAK SEJAHTERA
51,32,JAWA BARAT,KOTA DEPOK,1823180,48900,2.75,6.87,28413000000    ,12.46,2011,24.50461101,TIDAK SEJAHTERA
52,32,JAWA BARAT,KOTA CIMAHI,554175,39500,7.15,10.64,14319000000    ,12.76,2011,37.22816729,TIDAK SEJAHTERA
53,32,JAWA BARAT,KOTA TASIKMALAYA,644305,129800,19.98,9.89,9758000000    ,12.24,2011,56.87367756,CUKUP SEJAHTERA
54,32,JAWA BARAT,KOTA BANJAR,177587,14700,8.21,11.21,2137000000    ,12.02,2011,39.55445924,TIDAK SEJAHTERA
55,32,JAWA BARAT,BOGOR,5073120,451000,8.83,10.69,104287000000    ,10.91,2012,32.6383432,TIDAK SEJAHTERA
56,32,JAWA BARAT,SUKABUMI,2393190,234600,9.79,7.75,31768000000    ,10.73,2012,39.16066728,TIDAK SEJAHTERA
57,32,JAWA BARAT,CIANJUR,2213890,292200,13.18,7.79,21817000000    ,10.62,2012,47.384928,CUKUP SEJAHTERA
58,32,JAWA BARAT,BANDUNG,3339680,279500,8.33,5.12,54468000000    ,11.26,2012,33.85326647,TIDAK SEJAHTERA
59,32,JAWA BARAT,GARUT,2477110,315800,12.72,7.87,27815000000    ,10.85,2012,46.42603991,CUKUP SEJAHTERA
60,32,JAWA BARAT,TASIKMALAYA,1710430,201500,11.76,12.97,17192000000    ,11.83,2012,44.05789668,CUKUP SEJAHTERA
61,32,JAWA BARAT,CIAMIS,1148780,147800,9.63,5.82,15214000000    ,12.83,2012,42.17544129,CUKUP SEJAHTERA
62,32,JAWA BARAT,KUNINGAN,1036490,142300,13.7,7.9,10963000000    ,11.4,2012,47.49662064,CUKUP SEJAHTERA
63,32,JAWA BARAT,CIREBON,2076610,311300,14.96,11.29,23858000000    ,11.17,2012,51.38824803,CUKUP SEJAHTERA
64,32,JAWA BARAT,MAJALENGKA,1164720,168600,14.46,8.72,14307000000    ,11.22,2012,48.99209014,CUKUP SEJAHTERA
65,32,JAWA BARAT,SUMEDANG,1117920,132900,11.87,9.54,16401000000    ,11.95,2012,44.28921569,CUKUP SEJAHTERA
66,32,JAWA BARAT,INDRAMAYU,1663400,257300,15.44,14.88,51389000000    ,11.11,2012,51.7133725,CUKUP SEJAHTERA
67,32,JAWA BARAT,SUBANG,1480710,185400,12.49,9.03,20589000000    ,11.15,2012,45.52662409,CUKUP SEJAHTERA
68,32,JAWA BARAT,PURWAKARTA,885386,85000,9.57,13.31,31934000000    ,10.71,2012,40.45450571,CUKUP SEJAHTERA
69,32,JAWA BARAT,KARAWANG,2199390,245100,11.11,17.2,111424000000    ,11.08,2012,42.51078852,CUKUP SEJAHTERA
70,32,JAWA BARAT,BEKASI,2884300,153100,5.25,15.65,175280000000    ,11.05,2012,26.35390405,TIDAK SEJAHTERA
71,32,JAWA BARAT,BANDUNG BARAT,1567400,209900,13.35,12.17,21652000000    ,10.53,2012,47.30729719,CUKUP SEJAHTERA
72,32,JAWA BARAT,PANGANDARAN,383915,0,0,11.67,5463000000    ,,2012,27.58257409,TIDAK SEJAHTERA
73,32,JAWA BARAT,KOTA BOGOR,995081,84800,8.48,12.11,21204000000    ,11.98,2012,38.44557381,TIDAK SEJAHTERA
74,32,JAWA BARAT,KOTA SUKABUMI,308405,26000,8.42,8.34,5978000000    ,12.19,2012,39.5720786,TIDAK SEJAHTERA
75,32,JAWA BARAT,KOTA BANDUNG,2444620,111400,4.55,13.59,119632000000    ,13.05,2012,26.06497122,TIDAK SEJAHTERA
76,32,JAWA BARAT,KOTA CIREBON,298825,33200,11.1,8.16,11309000000    ,12.5,2012,43.24179191,CUKUP SEJAHTERA
77,32,JAWA BARAT,KOTA BEKASI,2498600,139800,5.56,5.87,46907000000    ,12.43,2012,28.4347501,TIDAK SEJAHTERA
78,32,JAWA BARAT,KOTA DEPOK,1891980,47000,2.46,10.73,30703000000    ,12.47,2012,23.61405499,TIDAK SEJAHTERA
79,32,JAWA BARAT,KOTA CIMAHI,562721,37700,6.68,9.47,15212000000    ,13.23,2012,36.50122277,TIDAK SEJAHTERA
80,32,JAWA BARAT,KOTA TASIKMALAYA,648178,123000,18.94,10.15,10325000000    ,12.66,2012,55.22633501,CUKUP SEJAHTERA
81,32,JAWA BARAT,KOTA BANJAR,178728,13900,7.79,10.42,2251000000    ,12.15,2012,38.98636509,TIDAK SEJAHTERA
82,32,JAWA BARAT,BOGOR,5202100,499100,9.54,8.9,110685000000    ,11.68,2013,35.19846606,TIDAK SEJAHTERA
83,32,JAWA BARAT,SUKABUMI,2408420,222800,9.24,8.29,33517000000    ,11.8,2013,37.77167704,TIDAK SEJAHTERA
84,32,JAWA BARAT,CIANJUR,2225310,267900,12.02,8.86,22883000000    ,11.54,2013,44.62899362,CUKUP SEJAHTERA
85,32,JAWA BARAT,BANDUNG,3405480,271700,7.94,9.01,57691000000    ,11.5,2013,32.55168441,TIDAK SEJAHTERA
86,32,JAWA BARAT,GARUT,2502410,320900,12.79,10.18,29138000000    ,11.17,2013,46.60755568,CUKUP SEJAHTERA
87,32,JAWA BARAT,TASIKMALAYA,1720120,199300,11.57,7.8,17991000000    ,12.29,2013,43.64062354,CUKUP SEJAHTERA
88,32,JAWA BARAT,CIAMIS,1155470,133000,8.62,8.04,16027000000    ,13.46,2013,40.12761995,CUKUP SEJAHTERA
89,32,JAWA BARAT,KUNINGAN,1042790,139400,13.34,10.11,11649000000    ,11.7,2013,46.85873531,CUKUP SEJAHTERA
90,32,JAWA BARAT,CIREBON,2093070,307200,14.65,9.1,25042000000    ,11.48,2013,50.6844927,CUKUP SEJAHTERA
91,32,JAWA BARAT,MAJALENGKA,1170510,164900,14.07,9.48,15013000000    ,11.38,2013,48.27928379,CUKUP SEJAHTERA
92,32,JAWA BARAT,SUMEDANG,1125120,127400,11.31,10.06,17195000000    ,12.83,2013,43.26825582,CUKUP SEJAHTERA
93,32,JAWA BARAT,INDRAMAYU,1672680,251100,14.99,10.27,52859000000    ,11.36,2013,50.77546784,CUKUP SEJAHTERA
94,32,JAWA BARAT,SUBANG,1496890,185400,12.35,9.38,21431000000    ,11.38,2013,45.24447469,CUKUP SEJAHTERA
95,32,JAWA BARAT,PURWAKARTA,898001,83600,9.28,10.31,34216000000    ,11.22,2013,39.94028792,TIDAK SEJAHTERA
96,32,JAWA BARAT,KARAWANG,2225380,238600,10.69,10.1,120295000000    ,11.31,2013,41.48921899,CUKUP SEJAHTERA
97,32,JAWA BARAT,BEKASI,3002110,157700,5.2,10.34,186207000000    ,11.42,2013,25.78795224,TIDAK SEJAHTERA
98,32,JAWA BARAT,BANDUNG BARAT,1588780,206000,12.92,10.56,22937000000    ,11,2013,46.43860559,CUKUP SEJAHTERA
99,32,JAWA BARAT,PANGANDARAN,386129,0,0,10.51,5733000000    ,11.48,2013,27.55633867,TIDAK SEJAHTERA
100,32,JAWA BARAT,KOTA BOGOR,1013020,83300,8.19,10.6,22485000000    ,12.1,2013,37.89293807,TIDAK SEJAHTERA
101,32,JAWA BARAT,KOTA SUKABUMI,311822,25200,8.05,10.32,6302000000    ,13.08,2013,39.0501141,TIDAK SEJAHTERA
102,32,JAWA BARAT,KOTA BANDUNG,2458500,117700,4.78,9.14,129005000000    ,13.13,2013,26.57352654,TIDAK SEJAHTERA
103,32,JAWA BARAT,KOTA CIREBON,301728,31900,10.54,7.18,11864000000    ,12.58,2013,42.46764438,CUKUP SEJAHTERA
104,32,JAWA BARAT,KOTA BEKASI,2570400,137800,5.33,9.07,49741000000    ,13.2,2013,27.59263561,TIDAK SEJAHTERA
105,32,JAWA BARAT,KOTA DEPOK,1962180,45900,2.32,9.74,32806000000    ,13.24,2013,22.93762624,TIDAK SEJAHTERA
106,32,JAWA BARAT,KOTA CIMAHI,570991,32300,5.63,11.26,16072000000    ,13.7,2013,34.88775999,TIDAK SEJAHTERA
107,32,JAWA BARAT,KOTA TASIKMALAYA,651676,112200,17.19,11.6,10962000000    ,13.11,2013,52.51532015,CUKUP SEJAHTERA
108,32,JAWA BARAT,KOTA BANJAR,179706,12800,7.11,6.38,2374000000    ,12.29,2013,38.0899392,TIDAK SEJAHTERA
109,32,JAWA BARAT,BOGOR,5331150,479100,8.91,4.9,117340000000    ,11.81,2014,32.57406088,TIDAK SEJAHTERA
110,32,JAWA BARAT,SUKABUMI,2422110,213500,8.81,5.28,35521000000    ,12.12,2014,36.66800911,TIDAK SEJAHTERA
111,32,JAWA BARAT,CIANJUR,2235420,256600,11.47,7.09,24042000000    ,11.82,2014,43.29810559,CUKUP SEJAHTERA
112,32,JAWA BARAT,BANDUNG,3470390,266800,7.65,16.04,61100000000    ,11.74,2014,31.52820399,TIDAK SEJAHTERA
113,32,JAWA BARAT,GARUT,2526190,315600,12.47,6.71,30542000000    ,11.62,2014,45.78325281,CUKUP SEJAHTERA
114,32,JAWA BARAT,TASIKMALAYA,1728590,194800,11.26,7.42,18850000000    ,12.41,2014,42.96570614,CUKUP SEJAHTERA
115,32,JAWA BARAT,CIAMIS,1162100,130000,8.38,7.75,16839000000    ,13.57,2014,39.62719188,TIDAK SEJAHTERA
116,32,JAWA BARAT,KUNINGAN,1049080,133600,12.72,8.01,12385000000    ,12.01,2014,45.7553535,CUKUP SEJAHTERA
117,32,JAWA BARAT,CIREBON,2109590,300500,14.22,9.26,26313000000    ,11.6,2014,49.6993995,CUKUP SEJAHTERA
118,32,JAWA BARAT,MAJALENGKA,1176310,158000,13.42,11.25,15751000000    ,11.61,2014,47.08513964,CUKUP SEJAHTERA
119,32,JAWA BARAT,SUMEDANG,1131520,122000,10.78,7.78,18005000000    ,12.89,2014,42.2937086,CUKUP SEJAHTERA
120,32,JAWA BARAT,INDRAMAYU,1682020,240700,14.29,10.09,55464000000    ,11.62,2014,49.31558758,CUKUP SEJAHTERA
121,32,JAWA BARAT,SUBANG,1513090,177900,11.73,9.33,22506000000    ,11.44,2014,43.99027278,CUKUP SEJAHTERA
122,32,JAWA BARAT,PURWAKARTA,910007,80300,8.8,11.63,36177000000    ,11.33,2014,39.10113462,TIDAK SEJAHTERA
123,32,JAWA BARAT,KARAWANG,2250120,229000,10.15,9.17,126749000000    ,11.64,2014,40.16828102,CUKUP SEJAHTERA
124,32,JAWA BARAT,BEKASI,3122700,156600,4.97,12.5,197164000000    ,11.73,2014,24.68892953,TIDAK SEJAHTERA
125,32,JAWA BARAT,BANDUNG BARAT,1609510,197900,12.26,8.75,24265000000    ,11.06,2014,45.07648854,CUKUP SEJAHTERA
126,32,JAWA BARAT,PANGANDARAN,388320,0,0,9.42,5974000000    ,11.89,2014,27.5302466,TIDAK SEJAHTERA
127,32,JAWA BARAT,KOTA BOGOR,1030720,80100,7.74,8.57,23835000000    ,12.23,2014,37.05972695,TIDAK SEJAHTERA
128,32,JAWA BARAT,KOTA SUKABUMI,315001,24100,7.65,7.03,6644000000    ,13.18,2014,38.47772795,TIDAK SEJAHTERA
129,32,JAWA BARAT,KOTA BANDUNG,2470800,115000,4.65,6.2,138961000000    ,13.33,2014,26.18616981,TIDAK SEJAHTERA
130,32,JAWA BARAT,KOTA CIREBON,304584,30600,10.03,7.87,12541000000    ,12.93,2014,41.75410339,CUKUP SEJAHTERA
131,32,JAWA BARAT,KOTA BEKASI,2642510,139700,5.25,10.38,52534000000    ,13.28,2014,27.13384694,TIDAK SEJAHTERA
132,32,JAWA BARAT,KOTA DEPOK,2033510,47500,2.32,14.18,35193000000    ,13.3,2014,22.56448365,TIDAK SEJAHTERA
133,32,JAWA BARAT,KOTA CIMAHI,579015,31800,5.47,10.12,16955000000    ,13.71,2014,34.60611869,TIDAK SEJAHTERA
134,32,JAWA BARAT,KOTA TASIKMALAYA,654794,104500,15.95,8.14,11637000000    ,13.36,2014,50.58427818,CUKUP SEJAHTERA
135,32,JAWA BARAT,KOTA BANJAR,180515,12700,6.95,6.4,2492000000    ,12.42,2014,37.8742172,TIDAK SEJAHTERA
136,32,JAWA BARAT,BOGOR,5459670,487100,8.96,5.85,124487000000    ,11.83,2015,32.24011422,TIDAK SEJAHTERA
137,32,JAWA BARAT,SUKABUMI,2434220,217900,8.96,8.22,37265000000    ,12.13,2015,36.99155424,TIDAK SEJAHTERA
138,32,JAWA BARAT,CIANJUR,2243900,273900,12.21,14.88,25352000000    ,11.83,2015,45.03179092,CUKUP SEJAHTERA
139,32,JAWA BARAT,BANDUNG,3534110,281000,8,7.35,64702000000    ,12.13,2015,32.28478276,TIDAK SEJAHTERA
140,32,JAWA BARAT,GARUT,2548720,325700,12.81,6.41,31919000000    ,11.65,2015,46.56966945,CUKUP SEJAHTERA
141,32,JAWA BARAT,TASIKMALAYA,1736000,208100,11.99,9.63,19662000000    ,12.44,2015,44.48444122,CUKUP SEJAHTERA
142,32,JAWA BARAT,CIAMIS,1168680,104900,8.98,7.34,17780000000    ,13.59,2015,38.98254894,TIDAK SEJAHTERA
143,32,JAWA BARAT,KUNINGAN,1055420,147200,13.97,9.45,13176000000    ,12.03,2015,47.92373523,CUKUP SEJAHTERA
144,32,JAWA BARAT,CIREBON,2126180,313200,14.77,9.8,27596000000    ,11.79,2015,50.91236257,CUKUP SEJAHTERA
145,32,JAWA BARAT,MAJALENGKA,1182110,167500,14.19,7.17,16591000000    ,11.74,2015,48.46308115,CUKUP SEJAHTERA
146,32,JAWA BARAT,SUMEDANG,1137270,129000,11.36,9.54,18950000000    ,12.9,2015,43.31179758,CUKUP SEJAHTERA
147,32,JAWA BARAT,INDRAMAYU,1691390,253100,14.98,9.8,56663000000    ,12.09,2015,50.72670703,CUKUP SEJAHTERA
148,32,JAWA BARAT,SUBANG,1529390,187200,12.27,11.18,23697000000    ,11.46,2015,45.01485802,CUKUP SEJAHTERA
149,32,JAWA BARAT,PURWAKARTA,921598,83900,9.14,10.97,37899000000    ,11.44,2015,39.61519479,TIDAK SEJAHTERA
150,32,JAWA BARAT,KARAWANG,2273580,235000,10.37,9.02,132454000000    ,11.69,2015,40.58935457,CUKUP SEJAHTERA
151,32,JAWA BARAT,BEKASI,3246010,169200,5.27,9.5,205950000000    ,11.93,2015,24.93000874,TIDAK SEJAHTERA
152,32,JAWA BARAT,BANDUNG BARAT,1629420,205700,12.67,7.69,25486000000    ,11.39,2015,45.8431775,CUKUP SEJAHTERA
153,32,JAWA BARAT,PANGANDARAN,390483,42000,10.76,11.43,6271000000    ,11.99,2015,42.68415767,CUKUP SEJAHTERA
154,32,JAWA BARAT,KOTA BOGOR,1047920,79200,7.6,6.52,25299000000    ,12.36,2015,36.72407089,TIDAK SEJAHTERA
155,32,JAWA BARAT,KOTA SUKABUMI,318117,27800,8.79,7.04,6985000000    ,13.24,2015,40.01486113,CUKUP SEJAHTERA
156,32,JAWA BARAT,KOTA BANDUNG,2481470,114100,4.61,7.65,149580000000    ,13.63,2015,26.01183584,TIDAK SEJAHTERA
157,32,JAWA BARAT,KOTA CIREBON,307494,31700,10.36,8.09,13269000000    ,12.94,2015,42.17922831,CUKUP SEJAHTERA
158,32,JAWA BARAT,KOTA BEKASI,2714820,146900,5.46,14.87,55456000000    ,13.36,2015,27.3012923,TIDAK SEJAHTERA
159,32,JAWA BARAT,KOTA DEPOK,2106100,50000,2.4,8.48,37529000000    ,13.54,2015,22.32714062,TIDAK SEJAHTERA
160,32,JAWA BARAT,KOTA CIMAHI,586580,34100,5.84,7.71,17876000000    ,13.73,2015,35.11335138,TIDAK SEJAHTERA
161,32,JAWA BARAT,KOTA TASIKMALAYA,657477,106800,16.28,6.93,12371000000    ,13.37,2015,51.07368448,CUKUP SEJAHTERA
162,32,JAWA BARAT,KOTA BANJAR,181425,13400,7.41,4.92,2624000000    ,12.95,2015,38.44766595,TIDAK SEJAHTERA
163,32,JAWA BARAT,BOGOR,5587390,490800,8.83,6.88,131760000000    ,12.05,2016,31.46875164,TIDAK SEJAHTERA
164,32,JAWA BARAT,SUKABUMI,2444620,198700,8.13,13.32,39447000000    ,12.18,2016,34.90723001,TIDAK SEJAHTERA
165,32,JAWA BARAT,CIANJUR,2250980,261400,11.62,4.47,26981000000    ,11.88,2016,43.60866815,CUKUP SEJAHTERA
166,32,JAWA BARAT,BANDUNG,3596620,272700,7.61,7.51,68805000000    ,12.42,2016,30.97750945,TIDAK SEJAHTERA
167,32,JAWA BARAT,GARUT,2569500,298500,11.64,8.01,33804000000    ,11.69,2016,43.5914131,CUKUP SEJAHTERA
168,32,JAWA BARAT,TASIKMALAYA,1742280,195600,11.24,6.74,20825000000    ,12.46,2016,42.87330042,CUKUP SEJAHTERA
169,32,JAWA BARAT,CIAMIS,1175390,98800,8.42,7.83,18845000000    ,13.65,2016,37.93320937,TIDAK SEJAHTERA
170,32,JAWA BARAT,KUNINGAN,1061890,144100,13.59,11.1,13978000000    ,12.04,2016,47.25018722,CUKUP SEJAHTERA
171,32,JAWA BARAT,CIREBON,2143000,288500,13.49,6.79,29149000000    ,12.03,2016,47.95706721,CUKUP SEJAHTERA
172,32,JAWA BARAT,MAJALENGKA,1188000,152500,12.85,8.15,17592000000    ,11.89,2016,46.01169765,CUKUP SEJAHTERA
173,32,JAWA BARAT,SUMEDANG,1142100,120600,10.57,9.48,20030000000    ,12.91,2016,41.87623688,CUKUP SEJAHTERA
174,32,JAWA BARAT,INDRAMAYU,1700810,237000,13.95,11.64,56706000000    ,12.2,2016,48.56964132,CUKUP SEJAHTERA
175,32,JAWA BARAT,SUBANG,1546000,170400,11.05,8.05,24977000000    ,11.66,2016,42.54712033,CUKUP SEJAHTERA
176,32,JAWA BARAT,PURWAKARTA,932701,83600,8.98,11.02,40170000000    ,11.82,2016,39.32484302,TIDAK SEJAHTERA
177,32,JAWA BARAT,KARAWANG,2295780,230600,10.07,9.36,141126000000    ,11.85,2016,39.84617372,TIDAK SEJAHTERA
178,32,JAWA BARAT,BEKASI,3371690,164400,4.92,8.44,215928000000    ,12.23,2016,23.46067348,TIDAK SEJAHTERA
179,32,JAWA BARAT,BANDUNG BARAT,1648390,192500,11.71,9.62,26926000000    ,11.56,2016,43.86296338,CUKUP SEJAHTERA
180,32,JAWA BARAT,PANGANDARAN,392817,40100,10.23,5.38,6603000000    ,12.02,2016,41.91831095,CUKUP SEJAHTERA
181,32,JAWA BARAT,KOTA BOGOR,1064690,77300,7.29,7.38,27002000000    ,13.01,2016,36.1336393,TIDAK SEJAHTERA
182,32,JAWA BARAT,KOTA SUKABUMI,321097,27500,8.59,10.01,7379000000    ,13.38,2016,39.72688082,TIDAK SEJAHTERA
183,32,JAWA BARAT,KOTA BANDUNG,2490620,107600,4.32,10.05,161228000000    ,13.89,2016,25.25202828,TIDAK SEJAHTERA
184,32,JAWA BARAT,KOTA CIREBON,310486,30200,9.73,10.06,14077000000    ,13.07,2016,41.30960926,CUKUP SEJAHTERA
185,32,JAWA BARAT,KOTA BEKASI,2787210,140000,5.06,4.03,58831000000    ,13.47,2016,25.99372882,TIDAK SEJAHTERA
186,32,JAWA BARAT,KOTA DEPOK,2179810,50600,2.34,6.5,40263000000    ,13.86,2016,21.81440063,TIDAK SEJAHTERA
187,32,JAWA BARAT,KOTA CIMAHI,594021,35100,5.92,8.51,18882000000    ,13.75,2016,35.20343215,TIDAK SEJAHTERA
188,32,JAWA BARAT,KOTA TASIKMALAYA,659606,102800,15.6,6.99,13225000000    ,13.4,2016,50.01815767,CUKUP SEJAHTERA
189,32,JAWA BARAT,KOTA BANJAR,181901,12700,7.01,7.49,2773000000    ,13.18,2016,37.91308042,TIDAK SEJAHTERA
190,32,JAWA BARAT,BOGOR,5715010,487300,8.57,10.51,139561000000    ,12.43,2017,30.16399649,TIDAK SEJAHTERA
191,32,JAWA BARAT,SUKABUMI,2453500,197100,8.04,4.01,41716000000    ,12.19,2017,34.6470654,TIDAK SEJAHTERA
192,32,JAWA BARAT,CIANJUR,2256590,257400,11.41,9,28539000000    ,11.89,2017,43.09839595,CUKUP SEJAHTERA
193,32,JAWA BARAT,BANDUNG,3657600,268000,7.36,8.51,73039000000    ,12.43,2017,30.03724939,TIDAK SEJAHTERA
194,32,JAWA BARAT,GARUT,2588840,291200,11.27,10.04,35465000000    ,11.73,2017,42.62968871,CUKUP SEJAHTERA
195,32,JAWA BARAT,TASIKMALAYA,1747320,189400,10.84,10,22063000000    ,12.47,2017,42.02213299,CUKUP SEJAHTERA
196,32,JAWA BARAT,CIAMIS,1181980,96800,8.2,11.51,19827000000    ,13.66,2017,37.50954497,TIDAK SEJAHTERA
197,32,JAWA BARAT,KUNINGAN,1068200,141600,13.27,10.03,14867000000    ,12.06,2017,46.68144605,CUKUP SEJAHTERA
198,32,JAWA BARAT,CIREBON,2159580,279600,12.97,10.01,30623000000    ,12.21,2017,46.7477799,CUKUP SEJAHTERA
199,32,JAWA BARAT,MAJALENGKA,1193720,150300,12.6,4.81,18789000000    ,12.18,2017,45.5467891,CUKUP SEJAHTERA
200,32,JAWA BARAT,SUMEDANG,1146440,120600,10.53,11.08,21277000000    ,12.93,2017,41.78850138,CUKUP SEJAHTERA
201,32,JAWA BARAT,INDRAMAYU,1709990,233400,13.67,9.06,57515000000    ,12.21,2017,47.97363744,CUKUP SEJAHTERA
202,32,JAWA BARAT,SUBANG,1562510,167800,10.77,9.02,26251000000    ,11.67,2017,41.95782498,CUKUP SEJAHTERA
203,32,JAWA BARAT,PURWAKARTA,943337,85300,9.06,11.28,42239000000    ,11.89,2017,39.43168488,TIDAK SEJAHTERA
204,32,JAWA BARAT,KARAWANG,2316490,236800,10.25,9.36,148358000000    ,11.96,2017,40.24661209,CUKUP SEJAHTERA
205,32,JAWA BARAT,BEKASI,3500020,164000,4.73,7.48,228204000000    ,12.63,2017,22.3983384,TIDAK SEJAHTERA
206,32,JAWA BARAT,BANDUNG BARAT,1666510,190900,11.49,9,28330000000    ,11.79,2017,43.38839983,CUKUP SEJAHTERA
207,32,JAWA BARAT,PANGANDARAN,395098,39500,10,5.46,6940000000    ,12.03,2017,41.58278193,CUKUP SEJAHTERA
208,32,JAWA BARAT,KOTA BOGOR,1081010,76500,7.11,7.38,28655000000    ,13.37,2017,35.76045537,TIDAK SEJAHTERA
209,32,JAWA BARAT,KOTA SUKABUMI,323788,27400,8.48,9.55,7780000000    ,13.39,2017,39.55974387,TIDAK SEJAHTERA
210,32,JAWA BARAT,KOTA BANDUNG,2497940,104000,4.17,7.66,172852000000    ,13.9,2017,24.82443132,TIDAK SEJAHTERA
211,32,JAWA BARAT,KOTA CIREBON,313325,30200,9.66,10.1,14893000000    ,13.08,2017,41.19503978,CUKUP SEJAHTERA
212,32,JAWA BARAT,KOTA BEKASI,2859630,136000,4.79,3.92,62202000000    ,13.51,2017,24.99472172,TIDAK SEJAHTERA
213,32,JAWA BARAT,KOTA DEPOK,2254510,52300,2.34,7.86,42981000000    ,13.87,2017,21.42549516,TIDAK SEJAHTERA
214,32,JAWA BARAT,KOTA CIMAHI,601099,34500,5.76,6.61,19907000000    ,13.76,2017,34.92244741,TIDAK SEJAHTERA
215,32,JAWA BARAT,KOTA TASIKMALAYA,661404,97900,14.8,5.17,14028000000    ,13.41,2017,48.77279088,CUKUP SEJAHTERA
216,32,JAWA BARAT,KOTA BANJAR,182388,12900,7.06,7.94,2920000000    ,13.19,2017,37.96839905,TIDAK SEJAHTERA
217,32,JAWA BARAT,BOGOR,5840900,415000,7.14,9.61,148203000000    ,12.44,2018,23.85432495,TIDAK SEJAHTERA
218,32,JAWA BARAT,SUKABUMI,2460700,166300,6.76,5.02,44141000000    ,12.2,2018,31.43214917,TIDAK SEJAHTERA
219,32,JAWA BARAT,CIANJUR,2260600,221600,9.81,7.15,30320000000    ,11.9,2018,39.25540782,TIDAK SEJAHTERA
220,32,JAWA BARAT,BANDUNG,3717300,246100,6.65,8.64,77613000000    ,12.64,2018,27.64899118,TIDAK SEJAHTERA
221,32,JAWA BARAT,GARUT,2606400,241300,9.27,8.74,37225000000    ,11.8,2018,37.48106423,TIDAK SEJAHTERA
222,32,JAWA BARAT,TASIKMALAYA,1751300,172400,9.85,9.11,23321000000    ,12.48,2018,39.90007011,TIDAK SEJAHTERA
223,32,JAWA BARAT,CIAMIS,1188600,85700,7.22,9.55,20879000000    ,13.67,2018,35.69218711,TIDAK SEJAHTERA
224,32,JAWA BARAT,KUNINGAN,1074500,131200,12.22,10.97,15822000000    ,12.07,2018,44.81831559,CUKUP SEJAHTERA
225,32,JAWA BARAT,CIREBON,2176200,232400,10.7,9.33,32162000000    ,12.22,2018,41.42077,CUKUP SEJAHTERA
226,32,JAWA BARAT,MAJALENGKA,1199300,129300,10.79,3.34,20007000000    ,12.19,2018,42.21605576,CUKUP SEJAHTERA
227,32,JAWA BARAT,SUMEDANG,1149900,112100,9.76,9.57,22508000000    ,12.94,2018,40.38036505,CUKUP SEJAHTERA
228,32,JAWA BARAT,INDRAMAYU,1719200,204200,11.89,8,58288000000    ,12.22,2018,44.22688093,CUKUP SEJAHTERA
229,32,JAWA BARAT,SUBANG,1579000,136600,8.67,8.44,27408000000    ,11.68,2018,37.67491454,TIDAK SEJAHTERA
230,32,JAWA BARAT,PURWAKARTA,953400,75900,7.99,9.29,44342000000    ,12.09,2018,37.57336697,TIDAK SEJAHTERA
231,32,JAWA BARAT,KARAWANG,2336000,188000,8.06,9.32,157318000000    ,12.07,2018,34.91427128,TIDAK SEJAHTERA
232,32,JAWA BARAT,BEKASI,3630900,157200,4.37,7,241949000000    ,13.05,2018,20.77975625,TIDAK SEJAHTERA
233,32,JAWA BARAT,BANDUNG BARAT,1683700,169000,10.06,8.43,29889000000    ,11.83,2018,40.39654677,CUKUP SEJAHTERA
234,32,JAWA BARAT,PANGANDARAN,397200,32200,8.12,6.89,7309000000    ,12.04,2018,38.90701275,TIDAK SEJAHTERA
235,32,JAWA BARAT,KOTA BOGOR,1096800,64900,5.93,5.97,30414000000    ,13.38,2018,33.61850127,TIDAK SEJAHTERA
236,32,JAWA BARAT,KOTA SUKABUMI,326300,23200,7.12,9.83,8210000000    ,13.4,2018,37.67108704,TIDAK SEJAHTERA
237,32,JAWA BARAT,KOTA BANDUNG,2503700,89400,3.57,7.84,185084000000    ,14.18,2018,23.28745528,TIDAK SEJAHTERA
238,32,JAWA BARAT,KOTA CIREBON,316300,28000,8.88,10.23,15817000000    ,13.09,2018,40.10791353,CUKUP SEJAHTERA
239,32,JAWA BARAT,KOTA BEKASI,2931900,119800,4.11,5.07,65845000000    ,13.76,2018,22.86293264,TIDAK SEJAHTERA
240,32,JAWA BARAT,KOTA DEPOK,2330300,49400,2.14,7.12,45979000000    ,13.9,2018,20.54755321,TIDAK SEJAHTERA
241,32,JAWA BARAT,KOTA CIMAHI,607800,29900,4.94,6.92,21193000000    ,13.77,2018,33.63811646,TIDAK SEJAHTERA
242,32,JAWA BARAT,KOTA TASIKMALAYA,662700,84200,12.71,4.64,14859000000    ,13.42,2018,45.51343824,CUKUP SEJAHTERA
243,32,JAWA BARAT,KOTA BANJAR,182800,10400,5.7,9.1,3067000000    ,13.2,2018,36.18189057,TIDAK SEJAHTERA
244,32,JAWA BARAT,BOGOR,5965400,395000,6.66,10.64,156876000000    ,12.47,2019,21.43921616,TIDAK SEJAHTERA
245,32,JAWA BARAT,SUKABUMI,2466300,153300,6.22,5,46628000000    ,12.22,2019,30.0523689,TIDAK SEJAHTERA
246,32,JAWA BARAT,CIANJUR,2263100,207100,9.15,7.54,32039000000    ,11.98,2019,37.67161057,TIDAK SEJAHTERA
247,32,JAWA BARAT,BANDUNG,3775300,223200,5.94,8.46,82547000000    ,12.68,2019,25.21893839,TIDAK SEJAHTERA
248,32,JAWA BARAT,GARUT,2622400,235200,8.98,8.71,39092000000    ,11.82,2019,36.69952319,TIDAK SEJAHTERA
249,32,JAWA BARAT,TASIKMALAYA,1754100,159900,9.12,9.94,24587000000    ,12.52,2019,38.33474205,TIDAK SEJAHTERA
250,32,JAWA BARAT,CIAMIS,1195200,79400,6.65,9.12,22001000000    ,13.79,2019,34.62099255,TIDAK SEJAHTERA
251,32,JAWA BARAT,KUNINGAN,1080800,123200,11.41,9.74,16864000000    ,12.1,2019,43.370424,CUKUP SEJAHTERA
252,32,JAWA BARAT,CIREBON,2192900,217600,9.94,8.55,33668000000    ,12.24,2019,39.6121347,TIDAK SEJAHTERA
253,32,JAWA BARAT,MAJALENGKA,1205000,121100,10.06,3.59,21562000000    ,12.21,2019,40.85792739,CUKUP SEJAHTERA
254,32,JAWA BARAT,SUMEDANG,1152400,104200,9.05,9.74,23933000000    ,12.96,2019,39.08202114,TIDAK SEJAHTERA
255,32,JAWA BARAT,INDRAMAYU,1728500,191900,11.11,8.57,60153000000    ,12.24,2019,42.57120916,CUKUP SEJAHTERA
256,32,JAWA BARAT,SUBANG,1595800,129200,8.12,8.05,28673000000    ,11.69,2019,36.50665142,TIDAK SEJAHTERA
257,32,JAWA BARAT,PURWAKARTA,962900,71900,7.48,9.07,46278000000    ,12.1,2019,36.67697058,TIDAK SEJAHTERA
258,32,JAWA BARAT,KARAWANG,2353900,173700,7.39,9.14,163947000000    ,12.08,2019,33.23291661,TIDAK SEJAHTERA
259,32,JAWA BARAT,BEKASI,3763900,149400,4.01,6.66,251503000000    ,13.08,2019,19.09557337,SANGAT TIDAK SEJAHTERA
260,32,JAWA BARAT,BANDUNG BARAT,1699900,159000,9.38,8,31398000000    ,11.86,2019,38.93899616,TIDAK SEJAHTERA
261,32,JAWA BARAT,PANGANDARAN,399300,30700,7.71,6.89,7743000000    ,12.06,2019,38.30833261,TIDAK SEJAHTERA
262,32,JAWA BARAT,KOTA BOGOR,1112100,64000,5.77,5.95,32296000000    ,13.4,2019,33.27056051,TIDAK SEJAHTERA
263,32,JAWA BARAT,KOTA SUKABUMI,328700,21900,6.67,9.11,8664000000    ,13.46,2019,37.03276419,TIDAK SEJAHTERA
264,32,JAWA BARAT,KOTA BANDUNG,2507900,84700,3.38,8.05,197643000000    ,14.19,2019,22.77342336,TIDAK SEJAHTERA
265,32,JAWA BARAT,KOTA CIREBON,319300,26800,8.41,9.81,16812000000    ,13.11,2019,39.44696493,TIDAK SEJAHTERA
266,32,JAWA BARAT,KOTA BEKASI,3003900,113700,3.81,5.51,69407000000    ,13.99,2019,21.72033804,TIDAK SEJAHTERA
267,32,JAWA BARAT,KOTA DEPOK,2406800,49400,2.07,7.35,49077000000    ,13.91,2019,19.97392991,SANGAT TIDAK SEJAHTERA
268,32,JAWA BARAT,KOTA CIMAHI,614300,26900,4.39,6.31,22856000000    ,13.79,2019,32.76455404,TIDAK SEJAHTERA
269,32,JAWA BARAT,KOTA TASIKMALAYA,663500,77000,11.6,5.16,15746000000    ,13.44,2019,43.7798519,CUKUP SEJAHTERA
270,32,JAWA BARAT,KOTA BANJAR,183100,10100,5.5,9.68,3221000000    ,13.22,2019,35.91061196,TIDAK SEJAHTERA
271,32,JAWA BARAT,BOGOR,5409370,465700,7.69,10.35,154114000000    ,12.48,2020,29.83830427,TIDAK SEJAHTERA
272,32,JAWA BARAT,SUKABUMI,2718740,175100,7.09,4.37,46205000000    ,12.23,2020,30.65826624,TIDAK SEJAHTERA
273,32,JAWA BARAT,CIANJUR,2470560,234500,10.36,7.7,31792000000    ,11.99,2020,39.26133306,TIDAK SEJAHTERA
274,32,JAWA BARAT,BANDUNG,3616540,263600,6.91,8.35,81061000000    ,12.69,2020,29.48248703,TIDAK SEJAHTERA
275,32,JAWA BARAT,GARUT,2577350,262800,9.98,8.68,38598000000    ,11.91,2020,39.62004328,TIDAK SEJAHTERA
276,32,JAWA BARAT,TASIKMALAYA,1861060,181500,10.34,9.73,24345000000    ,12.53,2020,40.25898534,CUKUP SEJAHTERA
277,32,JAWA BARAT,CIAMIS,1226050,91400,7.62,9.68,21970000000    ,14.06,2020,36.21504985,TIDAK SEJAHTERA
278,32,JAWA BARAT,KUNINGAN,1162590,139200,12.82,9,16883000000    ,12.22,2020,45.38733997,CUKUP SEJAHTERA
279,32,JAWA BARAT,CIREBON,2270350,247900,11.24,8.24,33304000000    ,12.25,2020,42.27256925,CUKUP SEJAHTERA
280,32,JAWA BARAT,MAJALENGKA,1301570,138200,11.43,4.52,21755000000    ,12.22,2020,42.79211163,CUKUP SEJAHTERA
281,32,JAWA BARAT,SUMEDANG,1149470,118400,10.26,9.16,23665000000    ,12.97,2020,41.29135578,CUKUP SEJAHTERA
282,32,JAWA BARAT,INDRAMAYU,1829230,220300,12.7,8.49,59200000000    ,12.25,2020,45.33684332,CUKUP SEJAHTERA
283,32,JAWA BARAT,SUBANG,1605250,149800,9.31,8.18,28344000000    ,11.7,2020,38.94999789,TIDAK SEJAHTERA
284,32,JAWA BARAT,PURWAKARTA,994330,80200,8.27,9.04,45293000000    ,12.11,2020,37.85644519,TIDAK SEJAHTERA
285,32,JAWA BARAT,KARAWANG,2434090,195400,8.26,8.3,157711000000    ,12.09,2020,34.90703347,TIDAK SEJAHTERA
286,32,JAWA BARAT,BEKASI,3101730,186300,4.82,6.12,242971000000    ,13.09,2020,26.11999776,TIDAK SEJAHTERA
287,32,JAWA BARAT,BANDUNG BARAT,1782190,179500,10.49,8.09,30640000000    ,11.87,2020,40.82666456,CUKUP SEJAHTERA
288,32,JAWA BARAT,PANGANDARAN,422410,36100,8.99,6.78,7739000000    ,12.07,2020,39.97880296,TIDAK SEJAHTERA
289,32,JAWA BARAT,KOTA BOGOR,1040570,75000,6.68,6.16,32163000000    ,13.41,2020,35.37788255,TIDAK SEJAHTERA
290,32,JAWA BARAT,KOTA SUKABUMI,344830,25400,7.7,14.29,8535000000    ,13.47,2020,38.34562662,TIDAK SEJAHTERA
291,32,JAWA BARAT,KOTA BANDUNG,2438350,100000,3.99,9.6,193145000000    ,14.2,2020,24.73179671,TIDAK SEJAHTERA
292,32,JAWA BARAT,KOTA CIREBON,332580,30600,9.52,11.05,16648000000    ,13.12,2020,40.889807,CUKUP SEJAHTERA
293,32,JAWA BARAT,KOTA BEKASI,2536120,134000,4.38,8.58,67619000000    ,14,2020,26.37416623,TIDAK SEJAHTERA
294,32,JAWA BARAT,KOTA DEPOK,2046830,60400,2.45,8.96,48136000000    ,13.92,2020,23.23947953,TIDAK SEJAHTERA
295,32,JAWA BARAT,KOTA CIMAHI,566170,31600,5.11,7.12,22341000000    ,13.8,2020,34.16680567,TIDAK SEJAHTERA
296,32,JAWA BARAT,KOTA TASIKMALAYA,713670,86100,12.97,5.66,15430000000    ,13.45,2020,45.58408849,CUKUP SEJAHTERA
297,32,JAWA BARAT,KOTA BANJAR,200270,11200,6.09,11.22,3252000000    ,13.23,2020,36.56049974,TIDAK SEJAHTERA
298,32,JAWA BARAT,BOGOR,5484150,491200,8.13,11.52,159590000000    ,12.49,2021,31.22651686,TIDAK SEJAHTERA
299,32,JAWA BARAT,SUKABUMI,2747450,194400,7.7,5.84,47936000000    ,12.24,2021,32.21384105,TIDAK SEJAHTERA
300,32,JAWA BARAT,CIANJUR,2500640,260000,11.18,9.89,32898000000    ,12,2021,41.38649871,CUKUP SEJAHTERA
301,32,JAWA BARAT,BANDUNG,3652400,269200,7.15,9.21,83949000000    ,12.7,2021,29.82945391,TIDAK SEJAHTERA
302,32,JAWA BARAT,GARUT,2613530,281400,10.65,9.48,39981000000    ,12.03,2021,41.16476931,CUKUP SEJAHTERA
303,32,JAWA BARAT,TASIKMALAYA,1876890,200600,11.15,11.07,25179000000    ,12.54,2021,42.12560479,CUKUP SEJAHTERA
304,32,JAWA BARAT,CIAMIS,1234830,96600,7.97,11.52,22775000000    ,14.2,2021,36.84251314,TIDAK SEJAHTERA
305,32,JAWA BARAT,KUNINGAN,1175950,143400,13.1,11.54,17484000000    ,12.23,2021,45.84943278,CUKUP SEJAHTERA
306,32,JAWA BARAT,CIREBON,2301330,271000,12.3,12.25,34128000000    ,12.27,2021,44.55589811,CUKUP SEJAHTERA
307,32,JAWA BARAT,MAJALENGKA,1315010,151100,12.33,5.08,22789000000    ,12.23,2021,44.45737864,CUKUP SEJAHTERA
308,32,JAWA BARAT,SUMEDANG,1159260,126300,10.71,12.68,24415000000    ,12.98,2021,42.17460216,CUKUP SEJAHTERA
309,32,JAWA BARAT,INDRAMAYU,1851730,228600,13.04,12.17,59545000000    ,12.26,2021,46.02914683,CUKUP SEJAHTERA
310,32,JAWA BARAT,SUBANG,1620700,159000,10.03,11.19,28961000000    ,11.71,2021,40.19177049,CUKUP SEJAHTERA
311,32,JAWA BARAT,PURWAKARTA,1008930,84300,8.83,10.97,46840000000    ,12.12,2021,38.64332778,TIDAK SEJAHTERA
312,32,JAWA BARAT,KARAWANG,2465570,210800,8.95,10.68,166941000000    ,12.1,2021,36.33753066,TIDAK SEJAHTERA
313,32,JAWA BARAT,BEKASI,3148740,202700,5.21,9.87,251779000000    ,13.1,2021,27.14421947,TIDAK SEJAHTERA
314,32,JAWA BARAT,BANDUNG BARAT,1808420,190800,11.3,13.3,31702000000    ,11.88,2021,42.21983773,CUKUP SEJAHTERA
315,32,JAWA BARAT,PANGANDARAN,425590,39100,9.65,7.99,8023000000    ,12.08,2021,40.89985419,CUKUP SEJAHTERA
316,32,JAWA BARAT,KOTA BOGOR,1050920,80100,7.24,6.73,33372000000    ,13.42,2021,36.24363999,TIDAK SEJAHTERA
317,32,JAWA BARAT,KOTA SUKABUMI,350150,27200,8.25,12.22,8851000000    ,13.58,2021,39.0577847,TIDAK SEJAHTERA
318,32,JAWA BARAT,KOTA BANDUNG,2461410,112500,4.37,9.51,200414000000    ,14.21,2021,25.68889475,TIDAK SEJAHTERA
319,32,JAWA BARAT,KOTA CIREBON,335810,32000,10.03,9.32,17156000000    ,13.13,2021,41.54578344,CUKUP SEJAHTERA
320,32,JAWA BARAT,KOTA BEKASI,2568020,144100,4.74,8.32,69797000000    ,14.1,2021,27.12631468,TIDAK SEJAHTERA
321,32,JAWA BARAT,KOTA DEPOK,2081130,63900,2.58,8.68,49947000000    ,13.93,2021,23.35346155,TIDAK SEJAHTERA
322,32,JAWA BARAT,KOTA CIMAHI,574450,32500,5.35,6.16,23276000000    ,13.81,2021,34.43942254,TIDAK SEJAHTERA
323,32,JAWA BARAT,KOTA TASIKMALAYA,723100,89500,13.13,5.06,15981000000    ,13.46,2021,45.88400912,CUKUP SEJAHTERA
324,32,JAWA BARAT,KOTA BANJAR,202720,13400,7.11,11.68,3365000000    ,13.24,2021,37.8784473,TIDAK SEJAHTERA
325,32,JAWA BARAT,BOGOR,5556310,474700,7.73,10.38,167966000000    ,12.5,2022,29.41745295,TIDAK SEJAHTERA
326,32,JAWA BARAT,SUKABUMI,2775310,186300,7.34,5.71,50389000000    ,12.25,2022,31.16917178,TIDAK SEJAHTERA
327,32,JAWA BARAT,CIANJUR,2529810,246800,10.55,9.18,34556000000    ,12.01,2022,39.74078837,TIDAK SEJAHTERA
328,32,JAWA BARAT,BANDUNG,3687250,258600,6.8,8.3,88438000000    ,12.71,2022,28.6223135,TIDAK SEJAHTERA
329,32,JAWA BARAT,GARUT,2648950,276700,10.42,9.77,42013000000    ,12.15,2022,40.4079241,CUKUP SEJAHTERA
330,32,JAWA BARAT,TASIKMALAYA,1892220,194100,10.73,10.7,26362000000    ,12.59,2022,41.17046816,CUKUP SEJAHTERA
331,32,JAWA BARAT,CIAMIS,1243320,94000,7.72,11.83,23919000000    ,14.28,2022,36.33938644,TIDAK SEJAHTERA
332,32,JAWA BARAT,KUNINGAN,1189010,140300,12.76,10.09,18450000000    ,12.24,2022,45.18306693,CUKUP SEJAHTERA
333,32,JAWA BARAT,CIREBON,2331360,266100,12.01,11.65,35524000000    ,12.28,2022,43.74978912,CUKUP SEJAHTERA
334,32,JAWA BARAT,MAJALENGKA,1328010,147100,11.94,3.25,24298000000    ,12.24,2022,43.68392304,CUKUP SEJAHTERA
335,32,JAWA BARAT,SUMEDANG,1168840,120100,10.14,11.79,25595000000    ,12.99,2022,41.0900752,CUKUP SEJAHTERA
336,32,JAWA BARAT,INDRAMAYU,1873400,225000,12.77,10.78,61260000000    ,12.27,2022,45.36736825,CUKUP SEJAHTERA
337,32,JAWA BARAT,SUBANG,1635560,155300,9.75,11.46,30203000000    ,11.78,2022,39.55513008,TIDAK SEJAHTERA
338,32,JAWA BARAT,PURWAKARTA,1023180,83400,8.7,10.53,49293000000    ,12.13,2022,38.33811879,TIDAK SEJAHTERA
339,32,JAWA BARAT,KARAWANG,2496190,199900,8.44,10.88,177471000000    ,12.19,2022,34.94803122,TIDAK SEJAHTERA
340,32,JAWA BARAT,BEKASI,3193840,201100,5.01,9.76,265120000000    ,13.11,2022,26.52564258,TIDAK SEJAHTERA
341,32,JAWA BARAT,BANDUNG BARAT,1834230,183700,10.82,13.07,33393000000    ,11.89,2022,41.09558024,CUKUP SEJAHTERA
342,32,JAWA BARAT,PANGANDARAN,428600,37900,9.32,7.66,8426000000    ,12.11,2022,40.40772144,CUKUP SEJAHTERA
343,32,JAWA BARAT,KOTA BOGOR,1060940,79200,7.1,6.09,35259000000    ,13.43,2022,35.95272954,TIDAK SEJAHTERA
344,32,JAWA BARAT,KOTA SUKABUMI,355420,26600,8.02,10.64,9324000000    ,13.59,2022,38.7036283,TIDAK SEJAHTERA
345,32,JAWA BARAT,KOTA BANDUNG,2484150,109800,4.25,7.77,211251000000    ,14.23,2022,25.24853889,TIDAK SEJAHTERA
346,32,JAWA BARAT,KOTA CIREBON,338940,31500,9.82,8.41,18030000000    ,13.14,2022,41.23432781,CUKUP SEJAHTERA
347,32,JAWA BARAT,KOTA BEKASI,2598070,137400,4.43,6.98,73261000000    ,14.11,2022,26.20165551,TIDAK SEJAHTERA
348,32,JAWA BARAT,KOTA DEPOK,2113620,64400,2.53,7.6,52565000000    ,13.94,2022,23.10442757,TIDAK SEJAHTERA
349,32,JAWA BARAT,KOTA CIMAHI,582650,31200,5.11,4.17,24653000000    ,13.82,2022,34.01827145,TIDAK SEJAHTERA
350,32,JAWA BARAT,KOTA TASIKMALAYA,732480,87100,12.72,3.75,16781000000    ,13.47,2022,45.19281012,CUKUP SEJAHTERA
351,32,JAWA BARAT,KOTA BANJAR,205140,12700,6.73,9.81,3517000000    ,13.25,2022,37.35587225,TIDAK SEJAHTERA
352,32,JAWA BARAT,BOGOR,5627020,453800,7.27,8.11,176684000000    ,12.64,2023,27.31453774,TIDAK SEJAHTERA
353,32,JAWA BARAT,SUKABUMI,2802400,178700,7.01,4.16,52994000000    ,12.38,2023,30.19168378,TIDAK SEJAHTERA
354,32,JAWA BARAT,CIANJUR,2558140,240100,10.22,7.72,36340000000    ,12.03,2023,38.80272276,TIDAK SEJAHTERA
355,32,JAWA BARAT,BANDUNG,3721110,245500,6.4,6.49,92830000000    ,12.73,2023,27.23005677,TIDAK SEJAHTERA
356,32,JAWA BARAT,GARUT,2683670,260500,9.77,7.77,44087000000    ,12.16,2023,38.54633402,TIDAK SEJAHTERA
357,32,JAWA BARAT,TASIKMALAYA,1907050,186900,10.28,8.75,27599000000    ,12.63,2023,40.14558708,CUKUP SEJAHTERA
358,32,JAWA BARAT,CIAMIS,1251540,90800,7.42,9.87,25112000000    ,14.29,2023,35.74619538,TIDAK SEJAHTERA
359,32,JAWA BARAT,KUNINGAN,1201760,133900,12.12,10.31,19419000000    ,12.26,2023,43.98386773,CUKUP SEJAHTERA
360,32,JAWA BARAT,CIREBON,2360440,249200,11.2,9.63,37247000000    ,12.41,2023,41.69367152,CUKUP SEJAHTERA
361,32,JAWA BARAT,MAJALENGKA,1340620,138700,11.21,1.56,25793000000    ,12.26,2023,42.2722539,CUKUP SEJAHTERA
362,32,JAWA BARAT,SUMEDANG,1178240,111400,9.36,10.78,26877000000    ,13.01,2023,39.6223804,TIDAK SEJAHTERA
363,32,JAWA BARAT,INDRAMAYU,1894330,214700,12.13,8.83,67238000000    ,12.29,2023,43.91287461,CUKUP SEJAHTERA
364,32,JAWA BARAT,SUBANG,1649820,152300,9.52,9.55,31605000000    ,11.91,2023,39.01921473,TIDAK SEJAHTERA
365,32,JAWA BARAT,PURWAKARTA,1037070,81500,8.46,8.42,51741000000    ,12.18,2023,37.85007438,TIDAK SEJAHTERA
366,32,JAWA BARAT,KARAWANG,2526000,187200,7.87,8.81,187052000000    ,12.2,2023,33.39690323,TIDAK SEJAHTERA
367,32,JAWA BARAT,BEKASI,3237420,204100,4.93,7.82,279225000000    ,13.17,2023,26.30228011,TIDAK SEJAHTERA
368,32,JAWA BARAT,BANDUNG BARAT,1859640,179400,10.52,10.77,35062000000    ,11.91,2023,40.33763363,CUKUP SEJAHTERA
369,32,JAWA BARAT,PANGANDARAN,431460,36700,8.98,6.62,8870000000    ,12.3,2023,39.90446075,TIDAK SEJAHTERA
370,32,JAWA BARAT,KOTA BOGOR,1070720,75000,6.67,5.53,37055000000    ,13.45,2023,35.14061221,TIDAK SEJAHTERA
371,32,JAWA BARAT,KOTA SUKABUMI,360640,25000,7.5,8.47,9802000000    ,13.6,2023,37.9475755,TIDAK SEJAHTERA
372,32,JAWA BARAT,KOTA BANDUNG,2506600,102800,3.96,7.32,221969000000    ,14.24,2023,24.37965154,TIDAK SEJAHTERA
373,32,JAWA BARAT,KOTA CIREBON,341980,29500,9.16,7.71,18934000000    ,13.16,2023,40.30202699,CUKUP SEJAHTERA
374,32,JAWA BARAT,KOTA BEKASI,2627210,129400,4.1,6.52,77242000000    ,14.12,2023,25.19043638,TIDAK SEJAHTERA
375,32,JAWA BARAT,KOTA DEPOK,2145400,62000,2.38,7.33,55222000000    ,13.96,2023,22.58726312,TIDAK SEJAHTERA
376,32,JAWA BARAT,KOTA CIMAHI,590780,28600,4.66,3.89,25932000000    ,13.84,2023,33.27613374,TIDAK SEJAHTERA
377,32,JAWA BARAT,KOTA TASIKMALAYA,741760,79400,11.53,3.52,17782000000    ,13.49,2023,43.28368033,CUKUP SEJAHTERA
378,32,JAWA BARAT,KOTA BANJAR,207510,11700,6.14,9.49,3682000000    ,13.27,2023,36.56457487,TIDAK SEJAHTERA
379,32,JAWA BARAT,BOGOR,5682300,446800,7.05,7.65,185882000000    ,12.75,2024,26.32549359,TIDAK SEJAHTERA
380,32,JAWA BARAT,SUKABUMI,2828020,175900,6.87,4.12,55724000000    ,12.39,2024,29.70401548,TIDAK SEJAHTERA
381,32,JAWA BARAT,CIANJUR,2584990,239300,10.14,6.94,38208000000    ,12.04,2024,38.48454335,TIDAK SEJAHTERA
382,32,JAWA BARAT,BANDUNG,3753120,239900,6.19,6.46,97510000000    ,12.74,2024,26.47143802,TIDAK SEJAHTERA
383,32,JAWA BARAT,GARUT,2716950,259300,9.68,7.65,46271000000    ,12.17,2024,38.15506468,TIDAK SEJAHTERA
384,32,JAWA BARAT,TASIKMALAYA,1920920,186800,10.23,7.72,28880000000    ,12.64,2024,39.9811592,TIDAK SEJAHTERA
385,32,JAWA BARAT,CIAMIS,1259230,90800,7.39,8.95,26361000000    ,14.3,2024,35.64964547,TIDAK SEJAHTERA
386,32,JAWA BARAT,KUNINGAN,1213930,131800,11.88,8.87,20507000000    ,12.27,2024,43.49606453,CUKUP SEJAHTERA
387,32,JAWA BARAT,CIREBON,2387960,245900,11,8.11,39418000000    ,12.42,2024,41.09559163,CUKUP SEJAHTERA
388,32,JAWA BARAT,MAJALENGKA,1352540,134600,10.82,1.52,27439000000    ,12.27,2024,41.50028994,CUKUP SEJAHTERA
389,32,JAWA BARAT,SUMEDANG,1187130,108900,9.1,9.39,27966000000    ,13.02,2024,39.10993708,TIDAK SEJAHTERA
390,32,JAWA BARAT,INDRAMAYU,1914040,212100,11.93,8.53,68702000000    ,12.32,2024,43.40013873,CUKUP SEJAHTERA
391,32,JAWA BARAT,SUBANG,1663160,152600,9.49,8.83,33126000000    ,12.11,2024,38.90317082,TIDAK SEJAHTERA
392,32,JAWA BARAT,PURWAKARTA,1050340,81400,8.41,7.66,54142000000    ,12.25,2024,37.68938568,TIDAK SEJAHTERA
393,32,JAWA BARAT,KARAWANG,2554380,187800,7.86,7.9,194903000000    ,12.21,2024,33.22697249,TIDAK SEJAHTERA
394,32,JAWA BARAT,BEKASI,3273870,204500,4.8,6.97,293665000000    ,13.18,2024,25.92682679,TIDAK SEJAHTERA
395,32,JAWA BARAT,BANDUNG BARAT,1884190,179700,10.49,10.52,36794000000    ,12,2024,40.15172923,CUKUP SEJAHTERA
396,32,JAWA BARAT,PANGANDARAN,434100,36000,8.75,6.55,9324000000    ,12.31,2024,39.56145556,TIDAK SEJAHTERA
397,32,JAWA BARAT,KOTA BOGOR,1078350,73900,6.53,5.43,38965000000    ,13.51,2024,34.85411841,TIDAK SEJAHTERA
398,32,JAWA BARAT,KOTA SUKABUMI,365740,24100,7.2,7.34,10303000000    ,13.62,2024,37.49432277,TIDAK SEJAHTERA
399,32,JAWA BARAT,KOTA BANDUNG,2528160,101100,3.87,7.11,233054000000    ,14.25,2024,24.03522653,TIDAK SEJAHTERA
400,32,JAWA BARAT,KOTA CIREBON,344850,29200,9.02,5.99,19884000000    ,13.17,2024,40.08710855,CUKUP SEJAHTERA
401,32,JAWA BARAT,KOTA BEKASI,2644060,128800,4.01,6.36,81252000000    ,14.14,2024,24.93299182,TIDAK SEJAHTERA
402,32,JAWA BARAT,KOTA DEPOK,2163640,62600,2.34,6.96,58242000000    ,14.11,2024,22.44433647,TIDAK SEJAHTERA
403,32,JAWA BARAT,KOTA CIMAHI,598700,27000,4.39,3.74,27297000000    ,13.85,2024,32.80482275,TIDAK SEJAHTERA
404,32,JAWA BARAT,KOTA TASIKMALAYA,750730,76700,11.1,3.37,18710000000    ,13.5,2024,42.55519431,CUKUP SEJAHTERA
405,32,JAWA BARAT,KOTA BANJAR,209790,11200,5.85,7.78,3884000000    ,13.28,2024,36.16191462,TIDAK SEJAHTERA
,,,,,,,,,,,,
,,,,,,,,,,,,
