id,kode_provinsi,nama_provinsi,nama_kabupaten_kota,jumlah_penduduk,jumlah_penduduk_miskin,jumlah_pengangguran_terbuka,pdrb_total_adhk,harapan_lama_sekolah,tahun,skor,kesejahteraan,,,,,
1,32,JAWA BARAT,BOGOR,4813880,477200,686459,92932000000,3,2010,149.5877167,Sangat Sejahtera,,,,,
2,32,JAWA BARAT,SUKABUMI,2358420,249600,255889,28601000000,3,2010,46.24755,Tidak Sejahtera,,,,,
3,32,JAWA BARAT,CIANJUR,2186790,311000,302214,19697000000,3,2010,25.09996667,Sangat Tidak Sejahtera,,,,,
4,32,JAWA BARAT,BANDUNG,3205120,296300,556729,48432000000,3,2010,70.08921667,Cukup,,,,,
5,32,JAWA BARAT,GARUT,2422330,335600,295040,25465000000,3,2010,36.58466667,Sangat Tidak Sejahtera,,,Harapan Lama Sekolah ,,
6,32,JAWA BARAT,TASIKMALAYA,1687780,214600,143124,15853000000,3,2010,26.97313333,Sangat Tidak Sejahtera,,,Tahun_Sekolah,Pendidikan,Skor
7,32,JAWA BARAT,CIAMIS,1135720,158500,49858,13716000000,3,2010,28.29743333,Sangat Tidak Sejahtera,,,< 6,SD atau kurang,1
8,32,JAWA BARAT,KUNINGAN,1023910,152400,108125,9820000000,3,2010,17.69375,Sangat Tidak Sejahtera,,,6–9,SMP,2
9,32,JAWA BARAT,CIREBON,2044180,333300,278826,21497000000,3,2010,29.4977,Sangat Tidak Sejahtera,,,9–12,SMA,3
10,32,JAWA BARAT,MAJALENGKA,1153230,181100,86031,12883000000,3,2010,24.44611667,Sangat Tidak Sejahtera,,,> 12,Perguruan_Tinggi,4
11,32,JAWA BARAT,SUMEDANG,1101580,141400,86254,14687000000,3,2010,28.70463333,Sangat Tidak Sejahtera,,,,,
12,32,JAWA BARAT,INDRAMAYU,1645020,276000,171905,47860000000,3,2010,88.52475,Sangat Sejahtera,,,,,
13,32,JAWA BARAT,SUBANG,1449210,198300,108836,19817000000,3,2010,36.8872,Sangat Tidak Sejahtera,,,,,
14,32,JAWA BARAT,PURWAKARTA,859186,90300,109632,28017000000,3,2010,55.0474,Tidak Sejahtera,,,,,
15,32,JAWA BARAT,KARAWANG,2144190,260300,364941,99641000000,3,2010,182.6966167,Sangat Sejahtera,,,P = Jumlah penduduk,,Jika Skor < 20          → Sangat Tidak Sejahtera
16,32,JAWA BARAT,BEKASI,2656880,161800,401720,1.54E+11,3,2010,291.9133333,Sangat Sejahtera,,,M = Jumlah penduduk miskin,,Jika 20 ≤ Skor < 40     → Tidak Sejahtera
17,32,JAWA BARAT,BANDUNG BARAT,1522080,222900,287521,19322000000,3,2010,26.55295,Sangat Tidak Sejahtera,,,U = Jumlah pengangguran,,Jika 40 ≤ Skor < 60     → Cukup
18,32,JAWA BARAT,PANGANDARAN,379518,0,84063,4978000000,1,2010,7.75285,Sangat Tidak Sejahtera,,,Y = PDRB total ADHK,,Jika 60 ≤ Skor < 120    → Sejahtera
19,32,JAWA BARAT,KOTA BOGOR,958077,90200,157891,18776000000,3,2010,34.15411667,Sangat Tidak Sejahtera,,,S = Skor harapan lama sekolah (1–4),,Jika Skor ≥ 120         → Sangat Sejahtera
20,32,JAWA BARAT,KOTA SUKABUMI,301014,27700,49848,5322000000,3,2010,13.68993333,Sangat Tidak Sejahtera,,,,,
21,32,JAWA BARAT,KOTA BANDUNG,2412090,118600,399925,1.02E+11,4,2010,190.3370833,Sangat Sejahtera,,,Rumus dalam perhitungan skor,,
22,32,JAWA BARAT,KOTA CIREBON,293206,35500,37530,10094000000,3,2010,23.71983333,Sangat Tidak Sejahtera,,,((Y / 10^10) × 4),,
23,32,JAWA BARAT,KOTA BEKASI,2356100,148000,443418,41283000000,4,2010,65.92843333,Cukup,,, =+ (S * 10),,
24,32,JAWA BARAT,KOTA DEPOK,1755610,49600,199613,26602000000,4,2010,50.39668333,Tidak Sejahtera,,, =- ((M / P) * 50),,
25,32,JAWA BARAT,KOTA CIMAHI,545505,40100,52696,13572000000,4,2010,31.84086667,Sangat Tidak Sejahtera,,, =- ((U / P) * 50),,
26,32,JAWA BARAT,KOTA TASIKMALAYA,639987,131600,71935,9292000000,3,2010,18.79391667,Sangat Tidak Sejahtera,,,,,
27,32,JAWA BARAT,KOTA BANJAR,176506,14900,14032,2026000000,3,2010,9.102066667,Sangat Tidak Sejahtera,,,,,
28,32,JAWA BARAT,BOGOR,4943750,470500,511678,98379000000,3,2011,169.3324333,Sangat Sejahtera,,,,,
29,32,JAWA BARAT,SUKABUMI,2376500,246100,291597,29863000000,3,2011,47.04448333,Tidak Sejahtera,,,,,
30,32,JAWA BARAT,CIANJUR,2201000,306600,188406,20660000000,3,2011,32.7897,Sangat Tidak Sejahtera,,,,,
31,32,JAWA BARAT,BANDUNG,3272830,292200,222880,51250000000,3,2011,92.486,Sangat Sejahtera,,,,,
32,32,JAWA BARAT,GARUT,2450430,330900,154622,26727000000,3,2011,46.2079,Tidak Sejahtera,,,,,
33,32,JAWA BARAT,TASIKMALAYA,1699580,211600,163330,16527000000,3,2011,27.36083333,Sangat Tidak Sejahtera,,,,,
34,32,JAWA BARAT,CIAMIS,1142230,156300,158427,14433000000,4,2011,26.33965,Sangat Tidak Sejahtera,,,,,
35,32,JAWA BARAT,KUNINGAN,1030200,150300,69435,10371000000,3,2011,20.76525,Sangat Tidak Sejahtera,,,,,
36,32,JAWA BARAT,CIREBON,2060400,328600,201095,22622000000,3,2011,35.71258333,Sangat Tidak Sejahtera,,,,,
37,32,JAWA BARAT,MAJALENGKA,1158880,178600,119017,13490000000,3,2011,24.05248333,Sangat Tidak Sejahtera,,,,,
38,32,JAWA BARAT,SUMEDANG,1110080,139400,86142,15391000000,3,2011,30.15156667,Sangat Tidak Sejahtera,,,,,
39,32,JAWA BARAT,INDRAMAYU,1654120,272100,170871,49805000000,3,2011,92.53145,Sangat Sejahtera,,,,,
40,32,JAWA BARAT,SUBANG,1464900,195500,210067,20466000000,3,2011,33.17031667,Sangat Tidak Sejahtera,,,,,
41,32,JAWA BARAT,PURWAKARTA,872599,89000,90489,29893000000,3,2011,59.77821667,Cukup,,,,,
42,32,JAWA BARAT,KARAWANG,2172290,256700,295431,1.06E+11,3,2011,199.3001167,Sangat Sejahtera,,,,,
43,32,JAWA BARAT,BEKASI,2769180,159500,527252,1.65E+11,3,2011,306.0570667,Sangat Sejahtera,,,,,
44,32,JAWA BARAT,BANDUNG BARAT,1545120,219800,259580,20419000000,3,2011,30.19566667,Sangat Tidak Sejahtera,,,,,
45,32,JAWA BARAT,PANGANDARAN,381729,0,50732,5194000000,1,2011,9.8514,Sangat Tidak Sejahtera,,,,,
46,32,JAWA BARAT,KOTA BOGOR,976791,88900,130109,19944000000,3,2011,37.90088333,Sangat Tidak Sejahtera,,,,,
47,32,JAWA BARAT,KOTA SUKABUMI,304704,27300,42445,5651000000,3,2011,14.72475,Sangat Tidak Sejahtera,,,,,
48,32,JAWA BARAT,KOTA BANDUNG,2429180,116900,238788,1.10E+11,4,2011,214.5802667,Sangat Sejahtera,,,,,
49,32,JAWA BARAT,KOTA CIREBON,295981,35000,44900,10677000000,4,2011,26.52566667,Sangat Tidak Sejahtera,,,,,
50,32,JAWA BARAT,KOTA BEKASI,2427070,145900,204117,43946000000,4,2011,83.25448333,Sejahtera,,,,,
51,32,JAWA BARAT,KOTA DEPOK,1823180,48900,125252,28413000000,4,2011,57.7484,Cukup,,,,,
52,32,JAWA BARAT,KOTA CIMAHI,554175,39500,58964,14319000000,4,2011,33.03146667,Sangat Tidak Sejahtera,,,,,
53,32,JAWA BARAT,KOTA TASIKMALAYA,644305,129800,63722,9758000000,4,2011,22.16656667,Sangat Tidak Sejahtera,,,,,
54,32,JAWA BARAT,KOTA BANJAR,177587,14700,19908,2137000000,4,2011,11.0336,Sangat Tidak Sejahtera,,,,,
55,32,JAWA BARAT,BOGOR,5073120,451000,542317,1.04E+11,3,2012,179.9414833,Sangat Sejahtera,,,,,
56,32,JAWA BARAT,SUKABUMI,2393190,234600,185472,31768000000,3,2012,56.3524,Cukup,,,,,
57,32,JAWA BARAT,CIANJUR,2213890,292200,172462,21817000000,3,2012,36.1409,Sangat Tidak Sejahtera,,,,,
58,32,JAWA BARAT,BANDUNG,3339680,279500,170992,54468000000,3,2012,101.7280667,Sangat Sejahtera,,,,,
59,32,JAWA BARAT,GARUT,2477110,315800,194949,27815000000,3,2012,46.61921667,Tidak Sejahtera,,,,,
60,32,JAWA BARAT,TASIKMALAYA,1710430,201500,221843,17192000000,3,2012,25.93351667,Sangat Tidak Sejahtera,,,,,
61,32,JAWA BARAT,CIAMIS,1148780,147800,66859,15214000000,4,2012,32.62171667,Sangat Tidak Sejahtera,,,,,
62,32,JAWA BARAT,KUNINGAN,1036490,142300,81883,10963000000,3,2012,21.46018333,Sangat Tidak Sejahtera,,,,,
63,32,JAWA BARAT,CIREBON,2076610,311300,234449,23858000000,3,2012,36.80521667,Sangat Tidak Sejahtera,,,,,
64,32,JAWA BARAT,MAJALENGKA,1164720,168600,101564,14307000000,3,2012,26.7258,Sangat Tidak Sejahtera,,,,,
65,32,JAWA BARAT,SUMEDANG,1117920,132900,106650,16401000000,3,2012,31.2545,Sangat Tidak Sejahtera,,,,,
66,32,JAWA BARAT,INDRAMAYU,1663400,257300,247514,51389000000,3,2012,92.11396667,Sangat Sejahtera,,,,,
67,32,JAWA BARAT,SUBANG,1480710,185400,133708,20589000000,3,2012,37.4026,Sangat Tidak Sejahtera,,,,,
68,32,JAWA BARAT,PURWAKARTA,885386,85000,117845,31934000000,3,2012,62.55908333,Cukup,,,,,
69,32,JAWA BARAT,KARAWANG,2199390,245100,378295,1.11E+11,3,2012,205.84825,Sangat Sejahtera,,,,,
70,32,JAWA BARAT,BEKASI,2884300,153100,451393,1.75E+11,3,2012,331.4386833,Sangat Sejahtera,,,,,
71,32,JAWA BARAT,BANDUNG BARAT,1567400,209900,190753,21652000000,3,2012,36.26801667,Sangat Tidak Sejahtera,,,,,
72,32,JAWA BARAT,PANGANDARAN,383915,0,44803,5463000000,1,2012,10.68585,Sangat Tidak Sejahtera,,,,,
73,32,JAWA BARAT,KOTA BOGOR,995081,84800,120504,21204000000,3,2012,40.96946667,Tidak Sejahtera,,,,,
74,32,JAWA BARAT,KOTA SUKABUMI,308405,26000,25721,5978000000,4,2012,18.23661667,Sangat Tidak Sejahtera,,,,,
75,32,JAWA BARAT,KOTA BANDUNG,2444620,111400,332224,1.20E+11,4,2012,228.7961333,Sangat Sejahtera,,,,,
76,32,JAWA BARAT,KOTA CIREBON,298825,33200,24384,11309000000,4,2012,28.84546667,Sangat Tidak Sejahtera,,,,,
77,32,JAWA BARAT,KOTA BEKASI,2498600,139800,146668,46907000000,4,2012,92.1506,Sangat Sejahtera,,,,,
78,32,JAWA BARAT,KOTA DEPOK,1891980,47000,203009,30703000000,4,2012,58.47221667,Cukup,,,,,
79,32,JAWA BARAT,KOTA CIMAHI,562721,37700,53290,15212000000,4,2012,35.13116667,Sangat Tidak Sejahtera,,,,,
80,32,JAWA BARAT,KOTA TASIKMALAYA,648178,123000,65790,10325000000,4,2012,23.3105,Sangat Tidak Sejahtera,,,,,
81,32,JAWA BARAT,KOTA BANJAR,178728,13900,18623,2251000000,4,2012,11.33918333,Sangat Tidak Sejahtera,,,,,
82,32,JAWA BARAT,BOGOR,5202100,499100,462987,1.11E+11,3,2013,195.9023167,Sangat Sejahtera,,,,,
83,32,JAWA BARAT,SUKABUMI,2408420,222800,199658,33517000000,3,2013,59.33776667,Cukup,,,,,
84,32,JAWA BARAT,CIANJUR,2225310,267900,197162,22883000000,3,2013,37.4429,Sangat Tidak Sejahtera,,,,,
85,32,JAWA BARAT,BANDUNG,3405480,271700,306834,57691000000,3,2013,101.5119667,Sangat Sejahtera,,,,,
86,32,JAWA BARAT,GARUT,2502410,320900,254745,29138000000,3,2013,46.19041667,Tidak Sejahtera,,,,,
87,32,JAWA BARAT,TASIKMALAYA,1720120,199300,134169,17991000000,4,2013,33.95188333,Sangat Tidak Sejahtera,,,,,
88,32,JAWA BARAT,CIAMIS,1155470,133000,92900,16027000000,4,2013,33.19233333,Sangat Tidak Sejahtera,,,,,
89,32,JAWA BARAT,KUNINGAN,1042790,139400,105426,11649000000,3,2013,21.70336667,Sangat Tidak Sejahtera,,,,,
90,32,JAWA BARAT,CIREBON,2093070,307200,190469,25042000000,3,2013,41.44055,Tidak Sejahtera,,,,,
91,32,JAWA BARAT,MAJALENGKA,1170510,164900,110964,15013000000,3,2013,27.72946667,Sangat Tidak Sejahtera,,,,,
92,32,JAWA BARAT,SUMEDANG,1125120,127400,113187,17195000000,4,2013,34.60731667,Sangat Tidak Sejahtera,,,,,
93,32,JAWA BARAT,INDRAMAYU,1672680,251100,171784,52859000000,3,2013,98.9438,Sangat Sejahtera,,,,,
94,32,JAWA BARAT,SUBANG,1496890,185400,140408,21431000000,3,2013,38.7516,Sangat Tidak Sejahtera,,,,,
95,32,JAWA BARAT,PURWAKARTA,898001,83600,92584,34216000000,3,2013,68.40946667,Cukup,,,,,
96,32,JAWA BARAT,KARAWANG,2225380,238600,224763,1.20E+11,3,2013,231.3751833,Sangat Sejahtera,,,,,
97,32,JAWA BARAT,BEKASI,3002110,157700,310418,1.86E+11,3,2013,360.2647667,Sangat Sejahtera,,,,,
98,32,JAWA BARAT,BANDUNG BARAT,1588780,206000,167775,22937000000,3,2013,40.05191667,Tidak Sejahtera,,,,,
99,32,JAWA BARAT,PANGANDARAN,386129,0,40582,5733000000,3,2013,15.4369,Sangat Tidak Sejahtera,,,,,
100,32,JAWA BARAT,KOTA BOGOR,1013020,83300,107380,22485000000,4,2013,46.21266667,Tidak Sejahtera,,,,,
101,32,JAWA BARAT,KOTA SUKABUMI,311822,25200,32180,6302000000,4,2013,18.575,Sangat Tidak Sejahtera,,,,,
102,32,JAWA BARAT,KOTA BANDUNG,2458500,117700,224707,1.29E+11,4,2013,252.8129833,Sangat Sejahtera,,,,,
103,32,JAWA BARAT,KOTA CIREBON,301728,31900,21664,11864000000,4,2013,30.11313333,Sangat Tidak Sejahtera,,,,,
104,32,JAWA BARAT,KOTA BEKASI,2570400,137800,233135,49741000000,4,2013,93.52858333,Sangat Sejahtera,,,,,
105,32,JAWA BARAT,KOTA DEPOK,1962180,45900,191116,32806000000,4,2013,63.2912,Cukup,,,,,
106,32,JAWA BARAT,KOTA CIMAHI,570991,32300,64294,16072000000,4,2013,36.39096667,Sangat Tidak Sejahtera,,,,,
107,32,JAWA BARAT,KOTA TASIKMALAYA,651676,112200,75594,10962000000,4,2013,24.2743,Sangat Tidak Sejahtera,,,,,
108,32,JAWA BARAT,KOTA BANJAR,179706,12800,11465,2374000000,4,2013,11.96141667,Sangat Tidak Sejahtera,,,,,
109,32,JAWA BARAT,BOGOR,5331150,479100,261226,1.17E+11,3,2014,219.6337,Sangat Sejahtera,,,,,
110,32,JAWA BARAT,SUKABUMI,2422110,213500,127887,35521000000,4,2014,69.08931667,Cukup,,,,,
111,32,JAWA BARAT,CIANJUR,2235420,256600,158491,24042000000,3,2014,41.88278333,Tidak Sejahtera,,,,,
112,32,JAWA BARAT,BANDUNG,3470390,266800,556651,61100000000,3,2014,95.92078333,Sangat Sejahtera,,,,,
113,32,JAWA BARAT,GARUT,2526190,315600,169507,30542000000,3,2014,53.34865,Tidak Sejahtera,,,,,
114,32,JAWA BARAT,TASIKMALAYA,1728590,194800,128261,18850000000,4,2014,36.04028333,Sangat Tidak Sejahtera,,,,,
115,32,JAWA BARAT,CIAMIS,1162100,130000,90063,16839000000,4,2014,35.00818333,Sangat Tidak Sejahtera,,,,,
116,32,JAWA BARAT,KUNINGAN,1049080,133600,84031,12385000000,4,2014,26.34178333,Sangat Tidak Sejahtera,,,,,
117,32,JAWA BARAT,CIREBON,2109590,300500,195348,26313000000,3,2014,43.85026667,Tidak Sejahtera,,,,,
118,32,JAWA BARAT,MAJALENGKA,1176310,158000,132335,15751000000,3,2014,28.25191667,Sangat Tidak Sejahtera,,,,,
119,32,JAWA BARAT,SUMEDANG,1131520,122000,88032,18005000000,4,2014,37.57506667,Sangat Tidak Sejahtera,,,,,
120,32,JAWA BARAT,INDRAMAYU,1682020,240700,169716,55464000000,3,2014,104.4305333,Sangat Sejahtera,,,,,
121,32,JAWA BARAT,SUBANG,1513090,177900,141171,22506000000,3,2014,40.98845,Tidak Sejahtera,,,,,
122,32,JAWA BARAT,PURWAKARTA,910007,80300,105834,36177000000,3,2014,71.72396667,Cukup,,,,,
123,32,JAWA BARAT,KARAWANG,2250120,229000,206336,1.27E+11,3,2014,245.3645333,Sangat Sejahtera,,,,,
124,32,JAWA BARAT,BEKASI,3122700,156600,390338,1.97E+11,3,2014,378.2011,Sangat Sejahtera,,,,,
125,32,JAWA BARAT,BANDUNG BARAT,1609510,197900,140832,24265000000,3,2014,44.19006667,Tidak Sejahtera,,,,,
126,32,JAWA BARAT,PANGANDARAN,388320,0,36580,5974000000,3,2014,16.119,Sangat Tidak Sejahtera,,,,,
127,32,JAWA BARAT,KOTA BOGOR,1030720,80100,88333,23835000000,4,2014,49.91835,Tidak Sejahtera,,,,,
128,32,JAWA BARAT,KOTA SUKABUMI,315001,24100,22145,6644000000,4,2014,19.77908333,Sangat Tidak Sejahtera,,,,,
129,32,JAWA BARAT,KOTA BANDUNG,2470800,115000,153190,1.39E+11,4,2014,276.3458333,Sangat Sejahtera,,,,,
130,32,JAWA BARAT,KOTA CIREBON,304584,30600,23971,12541000000,4,2014,31.37345,Sangat Tidak Sejahtera,,,,,
131,32,JAWA BARAT,KOTA BEKASI,2642510,139700,274293,52534000000,4,2014,97.02501667,Sangat Sejahtera,,,,,
132,32,JAWA BARAT,KOTA DEPOK,2033510,47500,288352,35193000000,4,2014,63.17673333,Cukup,,,,,
133,32,JAWA BARAT,KOTA CIMAHI,579015,31800,58596,16955000000,4,2014,38.4502,Sangat Tidak Sejahtera,,,,,
134,32,JAWA BARAT,KOTA TASIKMALAYA,654794,104500,53300,11637000000,4,2014,26.86733333,Sangat Tidak Sejahtera,,,,,
135,32,JAWA BARAT,KOTA BANJAR,180515,12700,11553,2492000000,4,2014,12.19468333,Sangat Tidak Sejahtera,,,,,
136,32,JAWA BARAT,BOGOR,5459670,487100,319391,1.24E+11,3,2015,230.8861167,Sangat Sejahtera,,,,,
137,32,JAWA BARAT,SUKABUMI,2434220,217900,200093,37265000000,4,2015,68.89368333,Cukup,,,,,
138,32,JAWA BARAT,CIANJUR,2243900,273900,333892,25352000000,3,2015,35.4444,Sangat Tidak Sejahtera,,,,,
139,32,JAWA BARAT,BANDUNG,3534110,281000,259757,64702000000,4,2015,119.7328167,Sangat Sejahtera,,,,,
140,32,JAWA BARAT,GARUT,2548720,325700,163373,31919000000,3,2015,56.24101667,Cukup,,,,,
141,32,JAWA BARAT,TASIKMALAYA,1736000,208100,167177,19662000000,4,2015,35.49681667,Sangat Tidak Sejahtera,,,,,
142,32,JAWA BARAT,CIAMIS,1168680,104900,85781,17780000000,4,2015,37.52261667,Sangat Tidak Sejahtera,,,,,
143,32,JAWA BARAT,KUNINGAN,1055420,147200,99737,13176000000,4,2015,26.91181667,Sangat Tidak Sejahtera,,,,,
144,32,JAWA BARAT,CIREBON,2126180,313200,208366,27596000000,3,2015,45.5537,Tidak Sejahtera,,,,,
145,32,JAWA BARAT,MAJALENGKA,1182110,167500,84757,16591000000,3,2015,32.15248333,Sangat Tidak Sejahtera,,,,,
146,32,JAWA BARAT,SUMEDANG,1137270,129000,108496,18950000000,4,2015,38.3252,Sangat Tidak Sejahtera,,,,,
147,32,JAWA BARAT,INDRAMAYU,1691390,253100,165756,56663000000,4,2015,108.8198667,Sangat Sejahtera,,,,,
148,32,JAWA BARAT,SUBANG,1529390,187200,170986,23697000000,3,2015,41.7247,Tidak Sejahtera,,,,,
149,32,JAWA BARAT,PURWAKARTA,921598,83900,101099,37899000000,3,2015,75.34471667,Sejahtera,,,,,
150,32,JAWA BARAT,KARAWANG,2273580,235000,205077,1.32E+11,3,2015,256.7374833,Sangat Sejahtera,,,,,
151,32,JAWA BARAT,BEKASI,3246010,169200,308371,2.06E+11,3,2015,399.66145,Sangat Sejahtera,,,,,
152,32,JAWA BARAT,BANDUNG BARAT,1629420,205700,125302,25486000000,3,2015,47.27856667,Tidak Sejahtera,,,,,
153,32,JAWA BARAT,PANGANDARAN,390483,42000,44632,6271000000,3,2015,15.6104,Sangat Tidak Sejahtera,,,,,
154,32,JAWA BARAT,KOTA BOGOR,1047920,79200,68324,25299000000,4,2015,53.8618,Tidak Sejahtera,,,,,
155,32,JAWA BARAT,KOTA SUKABUMI,318117,27800,22395,6985000000,4,2015,20.38691667,Sangat Tidak Sejahtera,,,,,
156,32,JAWA BARAT,KOTA BANDUNG,2481470,114100,189832,1.50E+11,4,2015,295.7667333,Sangat Sejahtera,,,,,
157,32,JAWA BARAT,KOTA CIREBON,307494,31700,24876,13269000000,4,2015,32.76586667,Sangat Tidak Sejahtera,,,,,
158,32,JAWA BARAT,KOTA BEKASI,2714820,146900,403694,55456000000,4,2015,96.27896667,Sangat Sejahtera,,,,,
159,32,JAWA BARAT,KOTA DEPOK,2106100,50000,178597,37529000000,4,2015,73.29481667,Sejahtera,,,,,
160,32,JAWA BARAT,KOTA CIMAHI,586580,34100,45225,17876000000,4,2015,40.92241667,Tidak Sejahtera,,,,,
161,32,JAWA BARAT,KOTA TASIKMALAYA,657477,106800,45563,12371000000,4,2015,28.68385,Sangat Tidak Sejahtera,,,,,
162,32,JAWA BARAT,KOTA BANJAR,181425,13400,8926,2624000000,4,2015,12.57836667,Sangat Tidak Sejahtera,,,,,
163,32,JAWA BARAT,BOGOR,5587390,490800,384412,1.32E+11,4,2016,244.1194,Sangat Sejahtera,,,,,
164,32,JAWA BARAT,SUKABUMI,2444620,198700,325623,39447000000,4,2016,67.30118333,Cukup,,,,,
165,32,JAWA BARAT,CIANJUR,2250980,261400,100619,26981000000,3,2016,50.57438333,Tidak Sejahtera,,,,,
166,32,JAWA BARAT,BANDUNG,3596620,272700,270106,68805000000,4,2016,127.5597,Sangat Sejahtera,,,,,
167,32,JAWA BARAT,GARUT,2569500,298500,205817,33804000000,3,2016,58.34215,Cukup,,,,,
168,32,JAWA BARAT,TASIKMALAYA,1742280,195600,117430,20825000000,4,2016,40.5185,Tidak Sejahtera,,,,,
169,32,JAWA BARAT,CIAMIS,1175390,98800,92033,18845000000,4,2016,39.44168333,Sangat Tidak Sejahtera,,,,,
170,32,JAWA BARAT,KUNINGAN,1061890,144100,117870,13978000000,4,2016,27.66083333,Sangat Tidak Sejahtera,,,,,
171,32,JAWA BARAT,CIREBON,2143000,288500,145510,29149000000,4,2016,54.21416667,Tidak Sejahtera,,,,,
172,32,JAWA BARAT,MAJALENGKA,1188000,152500,96822,17592000000,3,2016,33.80123333,Sangat Tidak Sejahtera,,,,,
173,32,JAWA BARAT,SUMEDANG,1142100,120600,108271,20030000000,4,2016,40.63645,Tidak Sejahtera,,,,,
174,32,JAWA BARAT,INDRAMAYU,1700810,237000,197974,56706000000,4,2016,107.5633,Sangat Sejahtera,,,,,
175,32,JAWA BARAT,SUBANG,1546000,170400,124453,24977000000,3,2016,46.89135,Tidak Sejahtera,,,,,
176,32,JAWA BARAT,PURWAKARTA,932701,83600,102784,40170000000,3,2016,79.80746667,Sejahtera,,,,,
177,32,JAWA BARAT,KARAWANG,2295780,230600,214885,1.41E+11,3,2016,273.6644167,Sangat Sejahtera,,,,,
178,32,JAWA BARAT,BEKASI,3371690,164400,284571,2.16E+11,4,2016,422.88745,Sangat Sejahtera,,,,,
179,32,JAWA BARAT,BANDUNG BARAT,1648390,192500,158575,26926000000,3,2016,48.71491667,Tidak Sejahtera,,,,,
180,32,JAWA BARAT,PANGANDARAN,392817,40100,21134,6603000000,4,2016,19.48096667,Sangat Tidak Sejahtera,,,,,
181,32,JAWA BARAT,KOTA BOGOR,1064690,77300,78574,27002000000,4,2016,56.78696667,Cukup,,,,,
182,32,JAWA BARAT,KOTA SUKABUMI,321097,27500,32142,7379000000,4,2016,20.69256667,Sangat Tidak Sejahtera,,,,,
183,32,JAWA BARAT,KOTA BANDUNG,2490620,107600,250307,1.61E+11,4,2016,316.1473167,Sangat Sejahtera,,,,,
184,32,JAWA BARAT,KOTA CIREBON,310486,30200,31235,14077000000,4,2016,34.08891667,Sangat Tidak Sejahtera,,,,,
185,32,JAWA BARAT,KOTA BEKASI,2787210,140000,112325,58831000000,4,2016,117.7124167,Sangat Sejahtera,,,,,
186,32,JAWA BARAT,KOTA DEPOK,2179810,50600,141688,40263000000,4,2016,80.59826667,Sejahtera,,,,,
187,32,JAWA BARAT,KOTA CIMAHI,594021,35100,50551,18882000000,4,2016,42.65145,Tidak Sejahtera,,,,,
188,32,JAWA BARAT,KOTA TASIKMALAYA,659606,102800,46106,13225000000,4,2016,30.43136667,Sangat Tidak Sejahtera,,,,,
189,32,JAWA BARAT,KOTA BANJAR,181901,12700,13624,2773000000,4,2016,12.65313333,Sangat Tidak Sejahtera,,,,,
190,32,JAWA BARAT,BOGOR,5715010,487300,600648,1.40E+11,4,2017,248.9679333,Sangat Sejahtera,,,,,
191,32,JAWA BARAT,SUKABUMI,2453500,197100,98385,41716000000,4,2017,83.22775,Sejahtera,,,,,
192,32,JAWA BARAT,CIANJUR,2256590,257400,203093,28539000000,3,2017,48.63335,Tidak Sejahtera,,,,,
193,32,JAWA BARAT,BANDUNG,3657600,268000,311262,73039000000,4,2017,134.0482333,Sangat Sejahtera,,,,,
194,32,JAWA BARAT,GARUT,2588840,291200,259920,35465000000,3,2017,59.08066667,Cukup,,,,,
195,32,JAWA BARAT,TASIKMALAYA,1747320,189400,174732,22063000000,4,2017,40.23273333,Tidak Sejahtera,,,,,
196,32,JAWA BARAT,CIAMIS,1181980,96800,136046,19827000000,4,2017,39.23836667,Sangat Tidak Sejahtera,,,,,
197,32,JAWA BARAT,KUNINGAN,1068200,141600,107140,14867000000,4,2017,30.017,Sangat Tidak Sejahtera,,,,,
198,32,JAWA BARAT,CIREBON,2159580,279600,216174,30623000000,4,2017,53.7773,Tidak Sejahtera,,,,,
199,32,JAWA BARAT,MAJALENGKA,1193720,150300,57418,18789000000,4,2017,40.2021,Tidak Sejahtera,,,,,
200,32,JAWA BARAT,SUMEDANG,1146440,120600,127026,21277000000,4,2017,42.1927,Tidak Sejahtera,,,,,
201,32,JAWA BARAT,INDRAMAYU,1709990,233400,154925,57515000000,4,2017,111.39375,Sangat Sejahtera,,,,,
202,32,JAWA BARAT,SUBANG,1562510,167800,140938,26251000000,3,2017,48.65843333,Tidak Sejahtera,,,,,
203,32,JAWA BARAT,PURWAKARTA,943337,85300,106408,42239000000,3,2017,83.73593333,Sejahtera,,,,,
204,32,JAWA BARAT,KARAWANG,2316490,236800,216823,1.48E+11,3,2017,287.9281833,Sangat Sejahtera,,,,,
205,32,JAWA BARAT,BEKASI,3500020,164000,261801,2.28E+11,4,2017,448.5846167,Sangat Sejahtera,,,,,
206,32,JAWA BARAT,BANDUNG BARAT,1666510,190900,149986,28330000000,3,2017,51.97903333,Tidak Sejahtera,,,,,
207,32,JAWA BARAT,PANGANDARAN,395098,39500,21572,6940000000,4,2017,20.14306667,Sangat Tidak Sejahtera,,,,,
208,32,JAWA BARAT,KOTA BOGOR,1081010,76500,79779,28655000000,4,2017,60.04605,Cukup,,,,,
209,32,JAWA BARAT,KOTA SUKABUMI,323788,27400,30922,7780000000,4,2017,21.55723333,Sangat Tidak Sejahtera,,,,,
210,32,JAWA BARAT,KOTA BANDUNG,2497940,104000,191342,1.73E+11,4,2017,342.4035667,Sangat Sejahtera,,,,,
211,32,JAWA BARAT,KOTA CIREBON,313325,30200,31646,14893000000,4,2017,35.70036667,Sangat Tidak Sejahtera,,,,,
212,32,JAWA BARAT,KOTA BEKASI,2859630,136000,112097,62202000000,4,2017,124.5324833,Sangat Sejahtera,,,,,
213,32,JAWA BARAT,KOTA DEPOK,2254510,52300,177204,42981000000,4,2017,84.23013333,Sejahtera,,,,,
214,32,JAWA BARAT,KOTA CIMAHI,601099,34500,39733,19907000000,4,2017,45.25235,Tidak Sejahtera,,,,,
215,32,JAWA BARAT,KOTA TASIKMALAYA,661404,97900,34195,14028000000,4,2017,32.71458333,Sangat Tidak Sejahtera,,,,,
216,32,JAWA BARAT,KOTA BANJAR,182388,12900,14482,2920000000,4,2017,12.9009,Sangat Tidak Sejahtera,,,,,
217,32,JAWA BARAT,BOGOR,5840900,415000,561310,1.48E+11,4,2018,269.4238333,Sangat Sejahtera,,,,,
218,32,JAWA BARAT,SUKABUMI,2460700,166300,123527,44141000000,4,2018,87.33398333,Sejahtera,,,,,
219,32,JAWA BARAT,CIANJUR,2260600,221600,161633,30320000000,3,2018,54.86501667,Tidak Sejahtera,,,,,
220,32,JAWA BARAT,BANDUNG,3717300,246100,321175,77613000000,4,2018,143.0655833,Sangat Sejahtera,,,,,
221,32,JAWA BARAT,GARUT,2606400,241300,227799,37225000000,3,2018,65.03838333,Cukup,,,,,
222,32,JAWA BARAT,TASIKMALAYA,1751300,172400,159543,23321000000,4,2018,43.79151667,Tidak Sejahtera,,,,,
223,32,JAWA BARAT,CIAMIS,1188600,85700,113511,20879000000,4,2018,42.65411667,Tidak Sejahtera,,,,,
224,32,JAWA BARAT,KUNINGAN,1074500,131200,117873,15822000000,4,2018,31.56368333,Sangat Tidak Sejahtera,,,,,
225,32,JAWA BARAT,CIREBON,2176200,232400,203039,32162000000,4,2018,58.29871667,Cukup,,,,,
226,32,JAWA BARAT,MAJALENGKA,1199300,129300,40057,20007000000,4,2018,43.85615,Tidak Sejahtera,,,,,
227,32,JAWA BARAT,SUMEDANG,1149900,112100,110045,22508000000,4,2018,45.64541667,Tidak Sejahtera,,,,,
228,32,JAWA BARAT,INDRAMAYU,1719200,204200,137536,58288000000,4,2018,114.2958667,Sangat Sejahtera,,,,,
229,32,JAWA BARAT,SUBANG,1579000,136600,133268,27408000000,3,2018,51.87593333,Tidak Sejahtera,,,,,
230,32,JAWA BARAT,PURWAKARTA,953400,75900,88571,44342000000,4,2018,90.99045,Sangat Sejahtera,,,,,
231,32,JAWA BARAT,KARAWANG,2336000,188000,217715,1.57E+11,4,2018,308.6169167,Sangat Sejahtera,,,,,
232,32,JAWA BARAT,BEKASI,3630900,157200,254163,2.42E+11,4,2018,476.56985,Sangat Sejahtera,,,,,
233,32,JAWA BARAT,BANDUNG BARAT,1683700,169000,141936,29889000000,3,2018,55.86453333,Tidak Sejahtera,,,,,
234,32,JAWA BARAT,PANGANDARAN,397200,32200,27367,7309000000,4,2018,20.71298333,Sangat Tidak Sejahtera,,,,,
235,32,JAWA BARAT,KOTA BOGOR,1096800,64900,65479,30414000000,4,2018,64.47238333,Cukup,,,,,
236,32,JAWA BARAT,KOTA SUKABUMI,326300,23200,32075,8210000000,4,2018,22.42958333,Sangat Tidak Sejahtera,,,,,
237,32,JAWA BARAT,KOTA BANDUNG,2503700,89400,196290,1.85E+11,4,2018,366.8635,Sangat Sejahtera,,,,,
238,32,JAWA BARAT,KOTA CIREBON,316300,28000,32357,15817000000,4,2018,37.54948333,Sangat Tidak Sejahtera,,,,,
239,32,JAWA BARAT,KOTA BEKASI,2931900,119800,148647,65845000000,4,2018,130.2609833,Sangat Sejahtera,,,,,
240,32,JAWA BARAT,KOTA DEPOK,2330300,49400,165917,45979000000,4,2018,90.83881667,Sangat Sejahtera,,,,,
241,32,JAWA BARAT,KOTA CIMAHI,607800,29900,42060,21193000000,4,2018,47.78466667,Tidak Sejahtera,,,,,
242,32,JAWA BARAT,KOTA TASIKMALAYA,662700,84200,30749,14859000000,4,2018,34.77721667,Sangat Tidak Sejahtera,,,,,
243,32,JAWA BARAT,KOTA BANJAR,182800,10400,16635,3067000000,4,2018,13.12891667,Sangat Tidak Sejahtera,,,,,
244,32,JAWA BARAT,BOGOR,5965400,395000,634719,1.57E+11,4,2019,283.4327167,Sangat Sejahtera,,,,,
245,32,JAWA BARAT,SUKABUMI,2466300,153300,123315,46628000000,4,2019,92.53525,Sangat Sejahtera,,,,,
246,32,JAWA BARAT,CIANJUR,2263100,207100,170638,32039000000,3,2019,58.09443333,Cukup,,,,,
247,32,JAWA BARAT,BANDUNG,3775300,223200,319390,82547000000,4,2019,153.4045,Sangat Sejahtera,,,,,
248,32,JAWA BARAT,GARUT,2622400,235200,228411,39092000000,3,2019,68.84345,Cukup,,,,,
249,32,JAWA BARAT,TASIKMALAYA,1754100,159900,174358,24587000000,4,2019,45.7911,Tidak Sejahtera,,,,,
250,32,JAWA BARAT,CIAMIS,1195200,79400,109002,22001000000,4,2019,45.22856667,Tidak Sejahtera,,,,,
251,32,JAWA BARAT,KUNINGAN,1080800,123200,105270,16864000000,4,2019,34.41116667,Sangat Tidak Sejahtera,,,,,
252,32,JAWA BARAT,CIREBON,2192900,217600,187493,33668000000,4,2019,62.33468333,Cukup,,,,,
253,32,JAWA BARAT,MAJALENGKA,1205000,121100,43260,21562000000,4,2019,46.94266667,Tidak Sejahtera,,,,,
254,32,JAWA BARAT,SUMEDANG,1152400,104200,112244,23933000000,4,2019,48.51713333,Tidak Sejahtera,,,,,
255,32,JAWA BARAT,INDRAMAYU,1728500,191900,148132,60153000000,4,2019,117.7010667,Sangat Sejahtera,,,,,
256,32,JAWA BARAT,SUBANG,1595800,129200,128462,28673000000,3,2019,54.76956667,Tidak Sejahtera,,,,,
257,32,JAWA BARAT,PURWAKARTA,962900,71900,87335,46278000000,4,2019,94.99091667,Sangat Sejahtera,,,,,
258,32,JAWA BARAT,KARAWANG,2353900,173700,215146,1.64E+11,4,2019,322.2417,Sangat Sejahtera,,,,,
259,32,JAWA BARAT,BEKASI,3763900,149400,250676,2.52E+11,4,2019,495.9822,Sangat Sejahtera,,,,,
260,32,JAWA BARAT,BANDUNG BARAT,1699900,159000,135992,31398000000,3,2019,59.3464,Cukup,,,,,
261,32,JAWA BARAT,PANGANDARAN,399300,30700,27512,7743000000,4,2019,21.59873333,Sangat Tidak Sejahtera,,,,,
262,32,JAWA BARAT,KOTA BOGOR,1112100,64000,66170,32296000000,4,2019,68.21683333,Cukup,,,,,
263,32,JAWA BARAT,KOTA SUKABUMI,328700,21900,29945,8664000000,4,2019,23.46575,Sangat Tidak Sejahtera,,,,,
264,32,JAWA BARAT,KOTA BANDUNG,2507900,84700,201886,1.98E+11,4,2019,391.7800333,Sangat Sejahtera,,,,,
265,32,JAWA BARAT,KOTA CIREBON,319300,26800,31323,16812000000,4,2019,39.61118333,Sangat Tidak Sejahtera,,,,,
266,32,JAWA BARAT,KOTA BEKASI,3003900,113700,165515,69407000000,4,2019,136.64325,Sangat Sejahtera,,,,,
267,32,JAWA BARAT,KOTA DEPOK,2406800,49400,176900,49077000000,4,2019,96.48566667,Sangat Sejahtera,,,,,
268,32,JAWA BARAT,KOTA CIMAHI,614300,26900,38762,22856000000,4,2019,51.32556667,Tidak Sejahtera,,,,,
269,32,JAWA BARAT,KOTA TASIKMALAYA,663500,77000,34237,15746000000,4,2019,36.49681667,Sangat Tidak Sejahtera,,,,,
270,32,JAWA BARAT,KOTA BANJAR,183100,10100,17724,3221000000,4,2019,13.38746667,Sangat Tidak Sejahtera,,,,,
271,32,JAWA BARAT,BOGOR,5409370,465700,559870,1.54E+11,4,2020,280.4728333,Sangat Sejahtera,,,,,
272,32,JAWA BARAT,SUKABUMI,2718740,175100,118809,46205000000,4,2020,91.55121667,Sangat Sejahtera,,,,,
273,32,JAWA BARAT,CIANJUR,2470560,234500,190233,31792000000,3,2020,56.16401667,Cukup,,,,,
274,32,JAWA BARAT,BANDUNG,3616540,263600,301981,81061000000,4,2020,150.6296167,Sangat Sejahtera,,,,,
275,32,JAWA BARAT,GARUT,2577350,262800,223714,38598000000,3,2020,67.6303,Cukup,,,,,
276,32,JAWA BARAT,TASIKMALAYA,1861060,181500,181081,24345000000,4,2020,44.61095,Tidak Sejahtera,,,,,
277,32,JAWA BARAT,CIAMIS,1226050,91400,118682,21970000000,4,2020,44.48256667,Tidak Sejahtera,,,,,
278,32,JAWA BARAT,KUNINGAN,1162590,139200,104633,16883000000,4,2020,34.21435,Sangat Tidak Sejahtera,,,,,
279,32,JAWA BARAT,CIREBON,2270350,247900,187077,33304000000,4,2020,61.12248333,Cukup,,,,,
280,32,JAWA BARAT,MAJALENGKA,1301570,138200,58831,21755000000,4,2020,46.26511667,Tidak Sejahtera,,,,,
281,32,JAWA BARAT,SUMEDANG,1149470,118400,105291,23665000000,4,2020,48.09211667,Tidak Sejahtera,,,,,
282,32,JAWA BARAT,INDRAMAYU,1829230,220300,155302,59200000000,4,2020,114.9632333,Sangat Sejahtera,,,,,
283,32,JAWA BARAT,SUBANG,1605250,149800,131309,28344000000,3,2020,53.62588333,Tidak Sejahtera,,,,,
284,32,JAWA BARAT,PURWAKARTA,994330,80200,89887,45293000000,4,2020,92.75498333,Sangat Sejahtera,,,,,
285,32,JAWA BARAT,KARAWANG,2434090,195400,202029,1.58E+11,4,2020,310.0638833,Sangat Sejahtera,,,,,
286,32,JAWA BARAT,BEKASI,3101730,186300,189826,2.43E+11,4,2020,481.3457,Sangat Sejahtera,,,,,
287,32,JAWA BARAT,BANDUNG BARAT,1782190,179500,144179,30640000000,3,2020,57.07938333,Cukup,,,,,
288,32,JAWA BARAT,PANGANDARAN,422410,36100,28639,7739000000,4,2020,21.44438333,Sangat Tidak Sejahtera,,,,,
289,32,JAWA BARAT,KOTA BOGOR,1040570,75000,64099,32163000000,4,2020,67.87105,Cukup,,,,,
290,32,JAWA BARAT,KOTA SUKABUMI,344830,25400,49276,8535000000,4,2020,22.18286667,Sangat Tidak Sejahtera,,,,,
291,32,JAWA BARAT,KOTA BANDUNG,2438350,100000,234082,1.93E+11,4,2020,380.9192333,Sangat Sejahtera,,,,,
292,32,JAWA BARAT,KOTA CIREBON,332580,30600,36750,16648000000,4,2020,38.9485,Sangat Tidak Sejahtera,,,,,
293,32,JAWA BARAT,KOTA BEKASI,2536120,134000,217599,67619000000,4,2020,130.1247167,Sangat Sejahtera,,,,,
294,32,JAWA BARAT,KOTA DEPOK,2046830,60400,183396,48136000000,4,2020,94.09553333,Sangat Sejahtera,,,,,
295,32,JAWA BARAT,KOTA CIMAHI,566170,31600,40311,22341000000,4,2020,50.13978333,Tidak Sejahtera,,,,,
296,32,JAWA BARAT,KOTA TASIKMALAYA,713670,86100,40394,15430000000,4,2020,35.4053,Sangat Tidak Sejahtera,,,,,
297,32,JAWA BARAT,KOTA BANJAR,200270,11200,22470,3252000000,4,2020,13.19383333,Sangat Tidak Sejahtera,,,,,
298,32,JAWA BARAT,BOGOR,5484150,491200,631774,1.60E+11,4,2021,287.4046333,Sangat Sejahtera,,,,,
299,32,JAWA BARAT,SUKABUMI,2747450,194400,160451,47936000000,4,2021,92.60945,Sangat Sejahtera,,,,,
300,32,JAWA BARAT,CIANJUR,2500640,260000,247313,32898000000,3,2021,55.09701667,Tidak Sejahtera,,,,,
301,32,JAWA BARAT,BANDUNG,3652400,269200,336386,83949000000,4,2021,154.5920333,Sangat Sejahtera,,,,,
302,32,JAWA BARAT,GARUT,2613530,281400,247763,39981000000,4,2021,70.88385,Cukup,,,,,
303,32,JAWA BARAT,TASIKMALAYA,1876890,200600,207772,25179000000,4,2021,44.62606667,Tidak Sejahtera,,,,,
304,32,JAWA BARAT,CIAMIS,1234830,96600,142252,22775000000,4,2021,44.8274,Tidak Sejahtera,,,,,
305,32,JAWA BARAT,KUNINGAN,1175950,143400,135705,17484000000,4,2021,33.79275,Sangat Tidak Sejahtera,,,,,
306,32,JAWA BARAT,CIREBON,2301330,271000,281913,34128000000,4,2021,57.64368333,Cukup,,,,,
307,32,JAWA BARAT,MAJALENGKA,1315010,151100,66803,22789000000,4,2021,47.71951667,Tidak Sejahtera,,,,,
308,32,JAWA BARAT,SUMEDANG,1159260,126300,146994,24415000000,4,2021,47.3753,Tidak Sejahtera,,,,,
309,32,JAWA BARAT,INDRAMAYU,1851730,228600,225356,59545000000,4,2021,112.0122,Sangat Sejahtera,,,,,
310,32,JAWA BARAT,SUBANG,1620700,159000,181356,28961000000,3,2021,52.2042,Tidak Sejahtera,,,,,
311,32,JAWA BARAT,PURWAKARTA,1008930,84300,110680,46840000000,4,2021,94.741,Sangat Sejahtera,,,,,
312,32,JAWA BARAT,KARAWANG,2465570,210800,263323,1.67E+11,4,2021,325.2025167,Sangat Sejahtera,,,,,
313,32,JAWA BARAT,BEKASI,3148740,202700,310781,2.52E+11,4,2021,492.6406167,Sangat Sejahtera,,,,,
314,32,JAWA BARAT,BANDUNG BARAT,1808420,190800,240520,31702000000,3,2021,54.198,Tidak Sejahtera,,,,,
315,32,JAWA BARAT,PANGANDARAN,425590,39100,34005,8023000000,4,2021,21.69408333,Sangat Tidak Sejahtera,,,,,
316,32,JAWA BARAT,KOTA BOGOR,1050920,80100,70727,33372000000,4,2021,69.87265,Cukup,,,,,
317,32,JAWA BARAT,KOTA SUKABUMI,350150,27200,42788,8851000000,4,2021,23.10926667,Sangat Tidak Sejahtera,,,,,
318,32,JAWA BARAT,KOTA BANDUNG,2461410,112500,234080,2.00E+11,4,2021,395.249,Sangat Sejahtera,,,,,
319,32,JAWA BARAT,KOTA CIREBON,335810,32000,31297,17156000000,4,2021,40.21381667,Tidak Sejahtera,,,,,
320,32,JAWA BARAT,KOTA BEKASI,2568020,144100,213659,69797000000,4,2021,134.5093833,Sangat Sejahtera,,,,,
321,32,JAWA BARAT,KOTA DEPOK,2081130,63900,180642,49947000000,4,2021,97.7969,Sangat Sejahtera,,,,,
322,32,JAWA BARAT,KOTA CIMAHI,574450,32500,35386,23276000000,4,2021,52.24103333,Tidak Sejahtera,,,,,
323,32,JAWA BARAT,KOTA TASIKMALAYA,723100,89500,36589,15981000000,4,2021,36.64088333,Sangat Tidak Sejahtera,,,,,
324,32,JAWA BARAT,KOTA BANJAR,202720,13400,23678,3365000000,4,2021,13.32276667,Sangat Tidak Sejahtera,,,,,
325,32,JAWA BARAT,BOGOR,5556310,474700,576745,1.68E+11,4,2022,307.1830833,Sangat Sejahtera,,,,,
326,32,JAWA BARAT,SUKABUMI,2775310,186300,158470,50389000000,4,2022,97.7495,Sangat Sejahtera,,,,,
327,32,JAWA BARAT,CIANJUR,2529810,246800,232237,34556000000,4,2022,61.38681667,Cukup,,,,,
328,32,JAWA BARAT,BANDUNG,3687250,258600,306042,88438000000,4,2022,165.2639,Sangat Sejahtera,,,,,
329,32,JAWA BARAT,GARUT,2648950,276700,258802,42013000000,4,2022,74.47423333,Sejahtera,,,,,
330,32,JAWA BARAT,TASIKMALAYA,1892220,194100,202468,26362000000,4,2022,47.3656,Tidak Sejahtera,,,,,
331,32,JAWA BARAT,CIAMIS,1243320,94000,147085,23919000000,4,2022,46.91708333,Tidak Sejahtera,,,,,
332,32,JAWA BARAT,KUNINGAN,1189010,140300,119971,18450000000,4,2022,36.56311667,Sangat Tidak Sejahtera,,,,,
333,32,JAWA BARAT,CIREBON,2331360,266100,271603,35524000000,4,2022,61.03285,Cukup,,,,,
334,32,JAWA BARAT,MAJALENGKA,1328010,147100,43160,24298000000,4,2022,51.98633333,Tidak Sejahtera,,,,,
335,32,JAWA BARAT,SUMEDANG,1168840,120100,137806,25595000000,4,2022,50.29803333,Tidak Sejahtera,,,,,
336,32,JAWA BARAT,INDRAMAYU,1873400,225000,201953,61260000000,4,2022,116.67235,Sangat Sejahtera,,,,,
337,32,JAWA BARAT,SUBANG,1635560,155300,187435,30203000000,3,2022,54.44591667,Tidak Sejahtera,,,,,
338,32,JAWA BARAT,PURWAKARTA,1023180,83400,107741,49293000000,4,2022,99.80895,Sangat Sejahtera,,,,,
339,32,JAWA BARAT,KARAWANG,2496190,199900,271585,1.77E+11,4,2022,346.0310833,Sangat Sejahtera,,,,,
340,32,JAWA BARAT,BEKASI,3193840,201100,311719,2.65E+11,4,2022,519.3023833,Sangat Sejahtera,,,,,
341,32,JAWA BARAT,BANDUNG BARAT,1834230,183700,239734,33393000000,3,2022,57.73763333,Cukup,,,,,
342,32,JAWA BARAT,PANGANDARAN,428600,37900,32831,8426000000,4,2022,22.57878333,Sangat Tidak Sejahtera,,,,,
343,32,JAWA BARAT,KOTA BOGOR,1060940,79200,64611,35259000000,4,2022,73.96745,Sejahtera,,,,,
344,32,JAWA BARAT,KOTA SUKABUMI,355420,26600,37817,9324000000,4,2022,24.31381667,Sangat Tidak Sejahtera,,,,,
345,32,JAWA BARAT,KOTA BANDUNG,2484150,109800,193018,2.11E+11,4,2022,419.0211,Sangat Sejahtera,,,,,
346,32,JAWA BARAT,KOTA CIREBON,338940,31500,28505,18030000000,4,2022,42.10975,Tidak Sejahtera,,,,,
347,32,JAWA BARAT,KOTA BEKASI,2598070,137400,181345,73261000000,4,2022,143.16475,Sangat Sejahtera,,,,,
348,32,JAWA BARAT,KOTA DEPOK,2113620,64400,160635,52565000000,4,2022,104.0249167,Sangat Sejahtera,,,,,
349,32,JAWA BARAT,KOTA CIMAHI,582650,31200,24297,24653000000,4,2022,55.57115,Tidak Sejahtera,,,,,
350,32,JAWA BARAT,KOTA TASIKMALAYA,732480,87100,27468,16781000000,4,2022,38.73693333,Sangat Tidak Sejahtera,,,,,
351,32,JAWA BARAT,KOTA BANJAR,205140,12700,20124,3517000000,4,2022,13.81613333,Sangat Tidak Sejahtera,,,,,
352,32,JAWA BARAT,BOGOR,5627020,453800,456351,1.77E+11,4,2023,330.9871167,Sangat Sejahtera,,,,,
353,32,JAWA BARAT,SUKABUMI,2802400,178700,116580,52994000000,4,2023,105.1806667,Sangat Sejahtera,,,,,
354,32,JAWA BARAT,CIANJUR,2558140,240100,197488,36340000000,4,2023,66.80393333,Cukup,,,,,
355,32,JAWA BARAT,BANDUNG,3721110,245500,241500,92830000000,4,2023,177.4933333,Sangat Sejahtera,,,,,
356,32,JAWA BARAT,GARUT,2683670,260500,208521,44087000000,4,2023,81.40628333,Sejahtera,,,,,
357,32,JAWA BARAT,TASIKMALAYA,1907050,186900,166867,27599000000,4,2023,51.73965,Tidak Sejahtera,,,,,
358,32,JAWA BARAT,CIAMIS,1251540,90800,123527,25112000000,4,2023,50.53431667,Tidak Sejahtera,,,,,
359,32,JAWA BARAT,KUNINGAN,1201760,133900,123901,19419000000,4,2023,38.41128333,Sangat Tidak Sejahtera,,,,,
360,32,JAWA BARAT,CIREBON,2360440,249200,227310,37247000000,4,2023,66.97516667,Cukup,,,,,
361,32,JAWA BARAT,MAJALENGKA,1340620,138700,20914,25793000000,4,2023,56.22863333,Cukup,,,,,
362,32,JAWA BARAT,SUMEDANG,1178240,111400,127014,26877000000,4,2023,53.54663333,Tidak Sejahtera,,,,,
363,32,JAWA BARAT,INDRAMAYU,1894330,214700,167269,67238000000,4,2023,130.5342167,Sangat Sejahtera,,,,,
364,32,JAWA BARAT,SUBANG,1649820,152300,157558,31605000000,3,2023,58.79376667,Cukup,,,,,
365,32,JAWA BARAT,PURWAKARTA,1037070,81500,87321,51741000000,4,2023,105.7576167,Sangat Sejahtera,,,,,
366,32,JAWA BARAT,KARAWANG,2526000,187200,222541,1.87E+11,4,2023,367.85695,Sangat Sejahtera,,,,,
367,32,JAWA BARAT,BEKASI,3237420,204100,253166,2.79E+11,4,2023,550.3900333,Sangat Sejahtera,,,,,
368,32,JAWA BARAT,BANDUNG BARAT,1859640,179400,200283,35062000000,3,2023,63.11985,Cukup,,,,,
369,32,JAWA BARAT,PANGANDARAN,431460,36700,28563,8870000000,4,2023,23.70018333,Sangat Tidak Sejahtera,,,,,
370,32,JAWA BARAT,KOTA BOGOR,1070720,75000,59211,37055000000,4,2023,77.89945,Sejahtera,,,,,
371,32,JAWA BARAT,KOTA SUKABUMI,360640,25000,30546,9802000000,4,2023,25.66003333,Sangat Tidak Sejahtera,,,,,
372,32,JAWA BARAT,KOTA BANDUNG,2506600,102800,183483,2.22E+11,4,2023,441.0505167,Sangat Sejahtera,,,,,
373,32,JAWA BARAT,KOTA CIREBON,341980,29500,26367,18934000000,4,2023,44.05798333,Tidak Sejahtera,,,,,
374,32,JAWA BARAT,KOTA BEKASI,2627210,129400,171294,77242000000,4,2023,151.7626333,Sangat Sejahtera,,,,,
375,32,JAWA BARAT,KOTA DEPOK,2145400,62000,157258,55222000000,4,2023,109.5477667,Sangat Sejahtera,,,,,
376,32,JAWA BARAT,KOTA CIMAHI,590780,28600,22981,25932000000,4,2023,58.23828333,Cukup,,,,,
377,32,JAWA BARAT,KOTA TASIKMALAYA,741760,79400,26110,17782000000,4,2023,40.93516667,Tidak Sejahtera,,,,,
378,32,JAWA BARAT,KOTA BANJAR,207510,11700,19693,3682000000,4,2023,14.18435,Sangat Tidak Sejahtera,,,,,
379,32,JAWA BARAT,BOGOR,5682300,446800,434696,1.86E+11,4,2024,350.5825333,Sangat Sejahtera,,,,,
380,32,JAWA BARAT,SUKABUMI,2828020,175900,116514,55724000000,4,2024,110.6906333,Sangat Sejahtera,,,,,
381,32,JAWA BARAT,CIANJUR,2584990,239300,179398,38208000000,4,2024,71.45776667,Cukup,,,,,
382,32,JAWA BARAT,BANDUNG,3753120,239900,242452,97510000000,4,2024,186.8990667,Sangat Sejahtera,,,,,
383,32,JAWA BARAT,GARUT,2716950,259300,207847,46271000000,4,2024,85.82798333,Sejahtera,,,,,
384,32,JAWA BARAT,TASIKMALAYA,1920920,186800,148295,28880000000,4,2024,55.23191667,Tidak Sejahtera,,,,,
385,32,JAWA BARAT,CIAMIS,1259230,90800,112701,26361000000,4,2024,53.57361667,Tidak Sejahtera,,,,,
386,32,JAWA BARAT,KUNINGAN,1213930,131800,107676,20507000000,4,2024,41.43353333,Tidak Sejahtera,,,,,
387,32,JAWA BARAT,CIREBON,2387960,245900,193664,39418000000,4,2024,73.05446667,Sejahtera,,,,,
388,32,JAWA BARAT,MAJALENGKA,1352540,134600,20559,27439000000,4,2024,59.60671667,Cukup,,,,,
389,32,JAWA BARAT,SUMEDANG,1187130,108900,111472,27966000000,4,2024,56.5434,Cukup,,,,,
390,32,JAWA BARAT,INDRAMAYU,1914040,212100,163268,68702000000,4,2024,133.7056,Sangat Sejahtera,,,,,
391,32,JAWA BARAT,SUBANG,1663160,152600,146857,33126000000,4,2024,64.36581667,Cukup,,,,,
392,32,JAWA BARAT,PURWAKARTA,1050340,81400,80456,54142000000,4,2024,110.9045333,Sangat Sejahtera,,,,,
393,32,JAWA BARAT,KARAWANG,2554380,187800,201796,1.95E+11,4,2024,384.5862,Sangat Sejahtera,,,,,
394,32,JAWA BARAT,BEKASI,3273870,204500,228189,2.94E+11,4,2024,580.5122167,Sangat Sejahtera,,,,,
395,32,JAWA BARAT,BANDUNG BARAT,1884190,179700,198217,36794000000,3,2024,66.68215,Cukup,,,,,
396,32,JAWA BARAT,PANGANDARAN,434100,36000,28434,9324000000,4,2024,24.6263,Sangat Tidak Sejahtera,,,,,
397,32,JAWA BARAT,KOTA BOGOR,1078350,73900,58554,38965000000,4,2024,81.77063333,Sejahtera,,,,,
398,32,JAWA BARAT,KOTA SUKABUMI,365740,24100,26845,10303000000,4,2024,26.86208333,Sangat Tidak Sejahtera,,,,,
399,32,JAWA BARAT,KOTA BANDUNG,2528160,101100,179752,2.33E+11,4,2024,463.4354,Sangat Sejahtera,,,,,
400,32,JAWA BARAT,KOTA CIREBON,344850,29200,20657,19884000000,4,2024,46.24848333,Tidak Sejahtera,,,,,
401,32,JAWA BARAT,KOTA BEKASI,2644060,128800,168162,81252000000,4,2024,159.9492333,Sangat Sejahtera,,,,,
402,32,JAWA BARAT,KOTA DEPOK,2163640,62600,150589,58242000000,4,2024,115.9112167,Sangat Sejahtera,,,,,
403,32,JAWA BARAT,KOTA CIMAHI,598700,27000,22391,27297000000,4,2024,61.02445,Cukup,,,,,
404,32,JAWA BARAT,KOTA TASIKMALAYA,750730,76700,25300,18710000000,4,2024,42.87666667,Tidak Sejahtera,,,,,
405,32,JAWA BARAT,KOTA BANJAR,209790,11200,16322,3884000000,4,2024,14.76523333,Sangat Tidak Sejahtera,,,,,
